問題本文,選択肢1,選択肢2,選択肢3,選択肢4,回答の選択肢番号,回答の解説,難易度
ルフィの夢は何ですか？,海賊王になること,世界一の大剣豪になること,オールブルーを見つけること,世界の全ての財宝を見つけること,1,"ルフィの夢は、ゴムゴムの実の能力者として海賊王になることです。",1
ゾロの最終的な目標は何ですか？,海賊王になること,世界一の大剣豪になること,オールブルーを見つけること,世界の全ての財宝を見つけること,2,"ゾロは、ミホークを超える世界一の大剣豪になることを目指しています。",1
サンジの夢は何ですか？,海賊王になること,世界一の大剣豪になること,オールブルーを見つけること,世界の全ての財宝を見つけること,3,"サンジは、幻の海「オールブルー」を見つけることを夢見ています。",1
ナミの目標は何ですか？,世界地図を描くこと,世界一の大剣豪になること,オールブルーを見つけること,世界の全ての財宝を見つけること,1,"ナミは、世界中の海の地図を描くことを目標としています。",1
ウソップの夢は何ですか？,勇敢な海の戦士になること,世界一の大剣豪になること,オールブルーを見つけること,世界の全ての財宝を見つけること,1,"ウソップは、父親のような勇敢な海の戦士になることを夢見ています。",1
チョッパーは何の動物ですか？,トナカイ,パンダ,犬,猫,1,"チョッパーは、ヒトヒトの実を食べたトナカイです。",1
ロビンは何の能力者ですか？,ハナハナの実,ゴムゴムの実,メラメラの実,バラバラの実,1,"ロビンは、体の好きな場所から花のように手足を生やすことができるハナハナの実の能力者です。",1
フランキーは何を改造していますか？,自分の体,船,武器,家,1,"フランキーは、自分の体をサイボーグに改造しています。",1
ブルックは何の実の能力者ですか？,ヨミヨミの実,ゴムゴムの実,メラメラの実,バラバラの実,1,"ブルックは、一度死んで魂が体に戻るヨミヨミの実の能力者です。",1
ジンベエは何の種族ですか？,魚人,巨人,小人,人魚,1,"ジンベエは、魚人族の元七武海です。",1
ルフィの懸賞金が最初に判明したのはいくらでしたか？,3000万ベリー,1億ベリー,3億ベリー,5億ベリー,1,"ルフィの最初の懸賞金は3000万ベリーでした。",2
ゾロの異名は何ですか？,海賊狩り,黒足,泥棒猫,狙撃の王様,1,"ゾロは「海賊狩りのゾロ」として知られています。",1
サンジの異名は何ですか？,黒足,海賊狩り,泥棒猫,狙撃の王様,1,"サンジは「黒足のサンジ」と呼ばれています。",1
ナミの異名は何ですか？,泥棒猫,海賊狩り,黒足,狙撃の王様,1,"ナミは「泥棒猫のナミ」という異名を持っています。",1
ウソップの異名は何ですか？,狙撃の王様,海賊狩り,黒足,泥棒猫,1,"ウソップは「狙撃の王様そげキング」として知られています。",1
チョッパーの懸賞金が最初に判明したのはいくらでしたか？,50ベリー,1億ベリー,3億ベリー,5億ベリー,1,"チョッパーの最初の懸賞金は50ベリーでした。",2
ロビンの異名は何ですか？,悪魔の子,泥棒猫,黒足,海賊狩り,1,"ロビンは「悪魔の子」と呼ばれています。",1
フランキーの異名は何ですか？,鉄人,泥棒猫,黒足,海賊狩り,1,"フランキーは「鉄人フランキー」と呼ばれています。",1
ブルックの異名は何ですか？,鼻歌,泥棒猫,黒足,海賊狩り,1,"ブルックは「鼻唄のブルック」という異名を持っています。",1
ジンベエの異名は何ですか？,海侠,泥棒猫,黒足,海賊狩り,1,"ジンベエは「海侠のジンベエ」として知られています。",1
ゴムゴムの実は何系能力ですか？,超人系,自然系,動物系,論理系,1,"ゴムゴムの実は、体をゴムのように伸ばせる超人系（パラミシア）の悪魔の実です。",1
メラメラの実は何系能力ですか？,自然系,超人系,動物系,論理系,1,"メラメラの実は、炎を操る自然系（ロギア）の悪魔の実です。",1
ヤミヤミの実は何系能力ですか？,自然系,超人系,動物系,論理系,1,"ヤミヤミの実は、闇を操る自然系（ロギア）の悪魔の実です。",1
ヒトヒトの実は何系能力ですか？,動物系,超人系,自然系,論理系,1,"ヒトヒトの実は、人間になれる動物系（ゾオン）の悪魔の実です。",1
ハナハナの実は何系能力ですか？,超人系,自然系,動物系,論理系,1,"ハナハナの実は、体を花のように生やす超人系（パラミシア）の悪魔の実です。",1
ヨミヨミの実は何系能力ですか？,超人系,自然系,動物系,論理系,1,"ヨミヨミの実は、一度死んで魂が体に戻る超人系（パラミシア）の悪魔の実です。",1
スベスベの実は何系能力ですか？,超人系,自然系,動物系,論理系,1,"スベスベの実は、体を滑らかにする超人系（パラミシア）の悪魔の実です。",1
バラバラの実は何系能力ですか？,超人系,自然系,動物系,論理系,1,"バラバラの実は、体をバラバラにできる超人系（パラミシア）の悪魔の実です。",1
モクモクの実は何系能力ですか？,自然系,超人系,動物系,論理系,1,"モクモクの実は、煙を操る自然系（ロギア）の悪魔の実です。",1
ピカピカの実は何系能力ですか？,自然系,超人系,動物系,論理系,1,"ピカピカの実は、光を操る自然系（ロギア）の悪魔の実です。",1
麦わらの一味の船の名前は何ですか？,ゴーイングメリー号,サウザンドサニー号,レッドフォース号,モビーディック号,1,"最初にルフィ達が乗っていた船はゴーイングメリー号です。",1
ルフィの祖父の名前は何ですか？,モンキー・D・ガープ,モンキー・D・ドラゴン,ポートガス・D・エース,モンキー・D・ルフィ,1,"ルフィの祖父は海軍中将モンキー・D・ガープです。",1
ルフィの父親の名前は何ですか？,モンキー・D・ドラゴン,モンキー・D・ガープ,ポートガス・D・エース,モンキー・D・ルフィ,1,"ルフィの父親は革命軍総司令官モンキー・D・ドラゴンです。",1
ルフィの兄の名前は何ですか？,ポートガス・D・エース,モンキー・D・ガープ,モンキー・D・ドラゴン,サボ,1,"ルフィの義兄はポートガス・D・エースです。",1
ルフィのもう一人の義兄の名前は何ですか？,サボ,モンキー・D・ガープ,モンキー・D・ドラゴン,ポートガス・D・エース,1,"ルフィのもう一人の義兄は革命軍参謀総長のサボです。",1
白ひげ海賊団の船の名前は何ですか？,モビーディック号,レッドフォース号,サウザンドサニー号,ゴーイングメリー号,1,"白ひげ海賊団の船はモビーディック号です。",1
シャンクスが船長を務める海賊団の名前は何ですか？,赤髪海賊団,麦わらの一味,白ひげ海賊団,黒ひげ海賊団,1,"シャンクスは赤髪海賊団の船長です。",1
黒ひげ海賊団の船長の名前は何ですか？,マーシャル・D・ティーチ,シャンクス,エドワード・ニューゲート,モンキー・D・ルフィ,1,"黒ひげ海賊団の船長はマーシャル・D・ティーチです。",1
七武海の最初のメンバーは何人でしたか？,7人,5人,3人,10人,1,"王下七武海は、当初7人の海賊で構成されていました。",2
魚人島の王女の名前は何ですか？,しらほし,ヴィヴィ,レベッカ,モモの助,1,"魚人島の王女はしらほし姫です。",1
アラバスタ王国の王女の名前は何ですか？,ネフェルタリ・ビビ,しらほし,レベッカ,モモの助,1,"アラバスタ王国の王女はネフェルタリ・ビビです。",1
ドレスローザの王女の名前は何ですか？,レベッカ,しらほし,ネフェルタリ・ビビ,モモの助,1,"ドレスローザの王女はレベッカです。",1
ワノ国の将軍の名前は何ですか？,光月モモの助,光月おでん,錦えもん,カン十郎,1,"ワノ国の将軍は光月モモの助です。",1
エニエス・ロビーでのロビンの叫びは何ですか？,"生きたい！","自由になりたい！","仲間になりたい！","助けて！",1,"エニエス・ロビーでロビンは「生きたい！」と叫びました。",2
頂上戦争が行われた場所はどこですか？,マリンフォード,エニエス・ロビー,インペルダウン,シャボンディ諸島,1,"頂上戦争はマリンフォードで行われました。",2
インペルダウンの看守長の名前は何ですか？,マゼラン,ハンニャバル,サディちゃん,ドミノ,1,"インペルダウンの看守長はマゼランです。",2
ボン・クレーが使用する悪魔の実は何ですか？,マネマネの実,ドクドクの実,バラバラの実,スベスベの実,1,"ボン・クレーはマネマネの実の能力者です。",2
バギーが使用する悪魔の実は何ですか？,バラバラの実,マネマネの実,ドクドクの実,スベスベの実,1,"バギーはバラバラの実の能力者です。",2
アルビダが使用する悪魔の実は何ですか？,スベスベの実,マネマネの実,ドクドクの実,バラバラの実,1,"アルビダはスベスベの実の能力者です。",2
スモーカーが使用する悪魔の実は何ですか？,モクモクの実,メラメラの実,ピカピカの実,ヒエヒエの実,1,"スモーカーはモクモクの実の能力者です。",2
エネルが使用する悪魔の実は何ですか？,ゴロゴロの実,メラメラの実,ピカピカの実,ヒエヒエの実,1,"エネルはゴロゴロの実の能力者です。",3
青雉（アオキジ）が使用する悪魔の実は何ですか？,ヒエヒエの実,メラメラの実,ピカピカの実,ゴロゴロの実,1,"青雉はヒエヒエの実の能力者です。",2
黄猿（ボルサリーノ）が使用する悪魔の実は何ですか？,ピカピカの実,メラメラの実,ヒエヒエの実,ゴロゴロの実,1,"黄猿はピカピカの実の能力者です。",2
赤犬（サカズキ）が使用する悪魔の実は何ですか？,マグマグの実,メラメラの実,ヒエヒエの実,ゴロゴロの実,1,"赤犬はマグマグの実の能力者です。",2
藤虎（イッショウ）が使用する能力は何ですか？,重力,光,氷,炎,1,"藤虎は重力を操る能力者です。",3
緑牛（アラマキ）が使用する能力は何ですか？,森羅万象,光,氷,炎,1,"緑牛は植物を操る能力者です。",3
CP9のロブ・ルッチが使用する悪魔の実は何ですか？,ネコネコの実 モデル"レオパルド",ウシウシの実 モデル"ジラフ",イヌイヌの実 モデル"ダックスフント",ゾウゾウの実,1,"ロブ・ルッチはネコネコの実 モデル"レオパルド"の能力者です。",3
クロコダイルが使用する悪魔の実は何ですか？,スナスナの実,メラメラの実,ピカピカの実,ヒエヒエの実,1,"クロコダイルはスナスナの実の能力者です。",2
エネルの異名は何ですか？,神,雷神,空の支配者,ゴッド,1,"エネルは自らを「神」と呼んでいます。",3
ドフラミンゴが使用する悪魔の実は何ですか？,イトイトの実,バラバラの実,マネマネの実,スベスベの実,1,"ドフラミンゴはイトイトの実の能力者です。",3
ローが使用する悪魔の実は何ですか？,オペオペの実,メロメロの実,グルグル野実,カゲカゲの実,1,"ローはオペオペの実の能力者です。",3
ハンコックが使用する悪魔の実は何ですか？,メロメロの実,オペオペの実,グルグル野実,カゲカゲの実,1,"ハンコックはメロメロの実の能力者です。",3
ゲッコー・モリアが使用する悪魔の実は何ですか？,カゲカゲの実,オペオペの実,メロメロの実,グルグル野実,1,"モリアはカゲカゲの実の能力者です。",3
くまが使用する悪魔の実は何ですか？,ニキュニキュの実,バクバクの実,ホビホビの実,シロシロの実,1,"くまはニキュニキュの実の能力者です。",3
フォクシーが使用する悪魔の実は何ですか？,ノロノロの実,バクバクの実,ホビホビの実,シロシロの実,1,"フォクシーはノロノロの実の能力者です。",3
Mr.2・ボン・クレーが使用する悪魔の実は何ですか？,マネマネの実,バクバクの実,ホビホビの実,シロシロの実,1,"Mr.2・ボン・クレーはマネマネの実の能力者です。",2
Wapolが使用する悪魔の実は何ですか？,バクバクの実,マネマネの実,ホビホビの実,シロシロの実,1,"Wapolはバクバクの実の能力者です。",3
シュガーが使用する悪魔の実は何ですか？,ホビホビの実,マネマネの実,バクバクの実,シロシロの実,1,"シュガーはホビホビの実の能力者です。",3
カポネ・ベッジが使用する悪魔の実は何ですか？,シロシロの実,マネマネの実,バクバクの実,ホビホビの実,1,"カポネ・ベッジはシロシロの実の能力者です。",3
ゼファー先生の腕の武器の名前は何ですか？,スマッシャー,アームストロング,アームドマスター,デストロイヤー,1,"ゼファー先生の腕の武器は「スマッシャー」です。",4
シキが使用する悪魔の実は何ですか？,フワフワの実,グラグラの実,ゴロゴロの実,メロメロの実,1,"シキはフワフワの実の能力者です。",4
ティーチが白ひげから奪った悪魔の実は何ですか？,グラグラの実,フワフワの実,ゴロゴロの実,メロメロの実,1,"ティーチはグラグラの実の能力を奪いました。",3
ホーキンスが使用する悪魔の実は何ですか？,ワラワラの実,フワフワの実,ゴロゴロの実,メロメロの実,1,"ホーキンスはワラワラの実の能力者です。",3
キッドが使用する悪魔の実は何ですか？,ジキジキの実,フワフワの実,ゴロゴロの実,メロメロの実,1,"キッドはジキジキの実の能力者です。",3
アプーが使用する悪魔の実は何ですか？,オンオンの実,フワフワの実,ゴロゴロの実,メロメロの実,1,"アプーはオンオンの実の能力者です。",3
ドレークが使用する悪魔の実は何ですか？,リュウリュウの実モデル"アロサウルス",フワフワの実,ゴロゴロの実,メロメロの実,1,"ドレークはリュウリュウの実モデル"アロサウルス"の能力者です。",3
ウルージが使用する悪魔の実は何ですか？,不明,フワフワの実,ゴロゴロの実,メロメロの実,1,"ウルージの悪魔の実は不明です。",4
ボニーが使用する悪魔の実は何ですか？,トシトシの実,フワフワの実,ゴロゴロの実,メロメロの実,1,"ボニーはトシトシの実の能力者です。",3
エンポリオ・イワンコフが使用する悪魔の実は何ですか？,ホルホルの実,ホルモンホルモンの実,エンポリオエンポリオの実,イワオワの実,1,"イワンコフはホルホルの実の能力者です。",3
イナズマが使用する悪魔の実は何ですか？,チョキチョキの実,ハサミハサミの実,クリクリの実,パチパチの実,1,"イナズマはチョキチョキの実の能力者です。",3
Mr.3が使用する悪魔の実は何ですか？,ドルドル実,ロウロウの実,ワックスワックスの実,ベタベタの実,1,"Mr.3はドルドル実の能力者です。",2
ミス・バレンタインが使用する悪魔の実は何ですか？,キロキロ実,トンネルトンネルの実,カメレオンカメレオンの実,スケスケの実,1,"ミス・バレンタインはキロキロ実の能力者です。",3
ミス・ゴールデンウィークが使用する能力は何ですか？,色の暗示,催眠術,幻術,分身,1,"ミス・ゴールデンウィークは色の暗示の能力者です。",4
ミス・ダブルフィンガーが使用する悪魔の実は何ですか？,トゲトゲの実,トゲトゲの実,イガイガの実,ハリハリの実,1,"ミス・ダブルフィンガーはトゲトゲの実の能力者です。",3
Dr.くれはが住んでいる島はどこですか？,ドラム王国,アラバスタ王国,ドレスローザ,ワノ国,1,"Dr.くれははドラム王国に住んでいます。",2
チョッパーが船医になったきっかけは何ですか？,Dr.ヒルルクとの出会い,ルフィの誘い,ゾロの説得,ナミの頼み,1,"チョッパーはDr.ヒルルクとの出会いを経て船医になりました。",2
空島でルフィが倒した神の名前は何ですか？,エネル,ガン・フォール,ワイパー,コニス,1,"空島でルフィは神エネルを倒しました。",2
ウォーターセブンでルフィ達が別れることになった船の名前は何ですか？,ゴーイングメリー号,サウザンドサニー号,レッドフォース号,モビーディック号,1,"ウォーターセブンでゴーイングメリー号は役目を終えました。",1
エニエス・ロビーでの戦いでルフィが初めて使ったギアは何ですか？,ギア2,ギア3,ギア4,ギア5,1,"エニエス・ロビーでルフィはギア2とギア3を初めて使用しました。",2
スリラーバークでゾロが受け止めたダメージは何ですか？,ルフィの疲労,くまの攻撃,モリアの影,オーズの攻撃,1,"スリラーバークでゾロはルフィの疲労を肩代わりしました。",3
シャボンディ諸島でルフィ達が引き離された原因は何ですか？,くまの能力,海軍大将の攻撃,天竜人とのトラブル,黒ひげの襲撃,1,"シャボンディ諸島でくまのニキュニキュの実の能力により、麦わらの一味は散り散りになりました。",2
マリンフォードでエースを救出するためにルフィが取った行動は何ですか？,インペルダウンからの脱獄,七武海との共闘,海軍本部への突入,黒ひげとの協力,1,"ルフィはエースを救うためにインペルダウンから脱獄しました。",2
2年間の修行期間、ルフィが修行した場所はどこですか？,女ヶ島,マリンフォード,インペルダウン,シャボンディ諸島,1,"ルフィは女ヶ島で修行しました。",2
2年間の修行期間、ゾロが修行した場所はどこですか？,シッケアール王国跡地,女ヶ島,マリンフォード,インペルダウン,1,"ゾロはシッケアール王国跡地でミホークに修行を受けました。",2
2年間の修行期間、サンジが修行した場所はどこですか？,オカマ王国,女ヶ島,マリンフォード,インペルダウン,1,"サンジはオカマ王国で修行しました。",2
2年間の修行期間、ナミが修行した場所はどこですか？,ウェザリア,女ヶ島,マリンフォード,インペルダウン,1,"ナミはウェザリアで修行しました。",2
2年間の修行期間、ウソップが修行した場所はどこですか？,ヘラクレスの森,女ヶ島,マリンフォード,インペルダウン,1,"ウソップはヘラクレスの森で修行しました。",2
2年間の修行期間、チョッパーが修行した場所はどこですか？,鳥の王国,女ヶ島,マリンフォード,インペルダウン,1,"チョッパーは鳥の王国で修行しました。",2
2年間の修行期間、ロビンが修行した場所はどこですか？,テキーラウルフ,女ヶ島,マリンフォード,インペルダウン,1,"ロビンはテキーラウルフで革命軍と行動を共にしました。",2
2年間の修行期間、フランキーが修行した場所はどこですか？,未来の国バルジモア,女ヶ島,マリンフォード,インペルダウン,1,"フランキーは未来の国バルジモアで修行しました。",2
2年間の修行期間、ブルックが修行した場所はどこですか？,貧困の国ハラヘッターニャ,女ヶ島,マリンフォード,インペルダウン,1,"ブルックは貧困の国ハラヘッターニャで修行しました。",2
新世界に入って最初に立ち寄った島はどこですか？,パンクハザード,魚人島,ドレスローザ,ワノ国,1,"新世界に入って最初に麦わらの一味は魚人島に上陸しました。",2
パンクハザードでルフィ達が遭遇した科学者の名前は何ですか？,シーザー・クラウン,ベガパンク,クイーン,ジャッジ,1,"パンクハザードでシーザー・クラウンと遭遇しました。",2
ドレスローザでルフィが倒した七武海の名前は何ですか？,ドンキホーテ・ドフラミンゴ,クロコダイル,ゲッコー・モリア,バーソロミュー・くま,1,"ドレスローザでルフィはドフラミンゴを倒しました。",2
ホールケーキアイランドでサンジが結婚を迫られた相手は誰ですか？,シャーロット・プリン,シャーロット・スムージー,シャーロット・カタクリ,シャーロット・リンリン,1,"サンジはシャーロット・プリンとの結婚を迫られました。",2
ワノ国でルフィ達が共闘した海賊団はどこですか？,ハートの海賊団,キッド海賊団,赤髪海賊団,黒ひげ海賊団,1,"ワノ国でルフィ達はハートの海賊団、キッド海賊団と共闘しました。",2
ワノ国でルフィが倒した四皇の名前は何ですか？,カイドウ,ビッグ・マム,シャンクス,黒ひげ,1,"ワノ国でルフィは百獣のカイドウを倒しました。",2
ワンピースの作者の名前は何ですか？,尾田栄一郎,鳥山明,岸本斉史,冨樫義博,1,"ワンピースの作者は尾田栄一郎先生です。",1
ワンピースが連載開始されたのはいつですか？,1997年,1999年,2001年,2003年,1,"ワンピースの連載開始は1997年です。",2
ルフィの好物は何ですか？,肉,魚,野菜,パン,1,"ルフィは肉が大好きです。",1
ゾロの好物は何ですか？,酒,肉,魚,野菜,1,"ゾロは酒と合うものが好物です。",1
サンジの好物は何ですか？,魚介類,肉,野菜,パン,1,"サンジは魚介類が好物です。",1
ナミの好物は何ですか？,みかん,肉,魚,野菜,1,"ナミはみかんが好物です。",1
ウソップの好物は何ですか？,魚,肉,野菜,パン,1,"ウソップは魚が好物です。",1
チョッパーの好物は何ですか？,綿あめ,肉,魚,野菜,1,"チョッパーは綿あめが好物です。",1
ロビンの好物は何ですか？,サンドイッチ,肉,魚,野菜,1,"ロビンはサンドイッチが好物です。",1
フランキーの好物は何ですか？,コーラ,肉,魚,野菜,1,"フランキーはコーラが好物です。",1
ブルックの好物は何ですか？,牛乳,肉,魚,野菜,1,"ブルックは牛乳が好物です。",1
ジンベエの好物は何ですか？,海藻,肉,魚,野菜,1,"ジンベエは海藻が好物です。",1
ルフィの懸賞金が初めて10億ベリーを超えたのはいつですか？,ワノ国編後,ドレスローザ編後,ホールケーキアイランド編後,頂上戦争後,1,"ワノ国編後、ルフィの懸賞金は10億ベリーを超えました。",3
ゾロの懸賞金が初めて10億ベリーを超えたのはいつですか？,ワノ国編後,ドレスローザ編後,ホールケーキアイランド編後,頂上戦争後,1,"ワノ国編後、ゾロの懸賞金は10億ベリーを超えました。",3
サンジの懸賞金が初めて10億ベリーを超えたのはいつですか？,ワノ国編後,ドレスローザ編後,ホールケーキアイランド編後,頂上戦争後,1,"ワノ国編後、サンジの懸賞金は10億ベリーを超えました。",3
ロビンの懸賞金が初めて1億ベリーを超えたのはいつですか？,ワノ国編後,ドレスローザ編後,ホールケーキアイランド編後,頂上戦争後,1,"ワノ国編後、ロビンの懸賞金は1億ベリーを超えました。",3
フランキーの懸賞金が初めて1億ベリーを超えたのはいつですか？,ワノ国編後,ドレスローザ編後,ホールケーキアイランド編後,頂上戦争後,1,"ワノ国編後、フランキーの懸賞金は1億ベリーを超えました。",3
ブルックの懸賞金が初めて1億ベリーを超えたのはいつですか？,ワノ国編後,ドレスローザ編後,ホールケーキアイランド編後,頂上戦争後,1,"ワノ国編後、ブルックの懸賞金は1億ベリーを超えました。",3
ウソップの懸賞金が初めて1億ベリーを超えたのはいつですか？,ワノ国編後,ドレスローザ編後,ホールケーキアイランド編後,頂上戦争後,1,"ワノ国編後、ウソップの懸賞金は1億ベリーを超えました。",3
ナミの懸賞金が初めて1億ベリーを超えたのはいつですか？,ワノ国編後,ドレスローザ編後,ホールケーキアイランド編後,頂上戦争後,1,"ワノ国編後、ナミの懸賞金は1億ベリーを超えました。",3
チョッパーの懸賞金が初めて1000ベリーを超えたのはいつですか？,ワノ国編後,ドレスローザ編後,ホールケーキアイランド編後,頂上戦争後,1,"ワノ国編後、チョッパーの懸賞金は1000ベリーを超えました。",3
ジンベエが正式に麦わらの一味に加入したのはいつですか？,ワノ国編,ホールケーキアイランド編,魚人島編,パンクハザード編,1,"ジンベエはホールケーキアイランド編で正式に麦わらの一味に加入しました。",2
四皇の一人であるビッグ・マムの名前は何ですか？,シャーロット・リンリン,カイドウ,シャンクス,マーシャル・D・ティーチ,1,"ビッグ・マムのフルネームはシャーロット・リンリンです。",2
四皇の一人であるカイドウの異名は何ですか？,百獣のカイドウ,世界の破壊者,最強の生物,竜王,1,"カイドウは「百獣のカイドウ」と呼ばれています。",2
四皇の一人であるシャンクスの異名は何ですか？,赤髪のシャンクス,世界の破壊者,最強の生物,竜王,1,"シャンクスは「赤髪のシャンクス」と呼ばれています。",1
四皇の一人である黒ひげの異名は何ですか？,闇のティーチ,世界の破壊者,最強の生物,竜王,1,"黒ひげは「闇のティーチ」とも呼ばれています。",2
世界政府の最高権力機関の名前は何ですか？,五老星,世界会議,海軍本部,サイファーポール,1,"世界政府の最高権力機関は五老星です。",3
海軍本部の最高戦力である「大将」の人数は何人ですか？,3人,4人,5人,2人,1,"海軍大将は通常3人です。",1
海軍大将の称号の一つである「青雉」の本名は何ですか？,クザン,サカズキ,ボルサリーノ,イッショウ,1,"青雉の本名はクザンです。",2
海軍大将の称号の一つである「赤犬」の本名は何ですか？,サカズキ,クザン,ボルサリーノ,イッショウ,1,"赤犬の本名はサカズキです。",2
海軍大将の称号の一つである「黄猿」の本名は何ですか？,ボルサリーノ,クザン,サカズキ,イッショウ,1,"黄猿の本名はボルサリーノです。",2
海軍大将の称号の一つである「藤虎」の本名は何ですか？,イッショウ,クザン,サカズキ,ボルサリーノ,1,"藤虎の本名はイッショウです。",3
海軍大将の称号の一つである「緑牛」の本名は何ですか？,アラマキ,クザン,サカズキ,ボルサリーノ,1,"緑牛の本名はアラマキです。",3
革命軍の総司令官の名前は何ですか？,モンキー・D・ドラゴン,サボ,エンポリオ・イワンコフ,バーソロミュー・くま,1,"革命軍の総司令官はモンキー・D・ドラゴンです。",2
革命軍の参謀総長の名前は何ですか？,サボ,モンキー・D・ドラゴン,エンポリオ・イワンコフ,バーソロミュー・くま,1,"革命軍の参謀総長はサボです。",2
魚人島で起こった事件の名前は何ですか？,新魚人海賊団事件,魚人島クーデター,魚人島襲撃事件,魚人島解放戦争,1,"魚人島では新魚人海賊団による事件が起こりました。",2
ドレスローザでルフィ達が戦ったドフラミンゴのファミリーの名前は何ですか？,ドンキホーテファミリー,ドンキホーテ海賊団,ドンキホーテ革命軍,ドンキホーテ王国,1,"ドレスローザでルフィ達はドンキホーテファミリーと戦いました。",2
ホールケーキアイランドでサンジを連れ戻すためにルフィ達が侵入した場所はどこですか？,ビッグ・マムの本拠地,海軍本部,インペルダウン,エニエス・ロビー,1,"ホールケーキアイランドはビッグ・マムの本拠地です。",2
ワノ国でルフィ達が同盟を組んだ目的は何ですか？,カイドウ討伐,海軍本部打倒,世界政府転覆,ワンピースの発見,1,"ワノ国での同盟の目的はカイドウ討伐でした。",2
麦わらの一味の航海士は誰ですか？,ナミ,ゾロ,サンジ,ウソップ,1,"ナミは麦わらの一味の航海士です。",1
麦わらの一味の剣士は誰ですか？,ゾロ,ナミ,サンジ,ウソップ,1,"ゾロは麦わらの一味の剣士です。",1
麦わらの一味のコックは誰ですか？,サンジ,ナミ,ゾロ,ウソップ,1,"サンジは麦わらの一味のコックです。",1
麦わらの一味の狙撃手は誰ですか？,ウソップ,ナミ,ゾロ,サンジ,1,"ウソップは麦わらの一味の狙撃手です。",1
麦わらの一味の船医は誰ですか？,チョッパー,ナミ,ゾロ,サンジ,1,"チョッパーは麦わらの一味の船医です。",1
麦わらの一味の考古学者は誰ですか？,ロビン,ナミ,ゾロ,サンジ,1,"ロビンは麦わらの一味の考古学者です。",1
麦わらの一味の船大工は誰ですか？,フランキー,ナミ,ゾロ,サンジ,1,"フランキーは麦わらの一味の船大工です。",1
麦わらの一味の音楽家は誰ですか？,ブルック,ナミ,ゾロ,サンジ,1,"ブルックは麦わらの一味の音楽家です。",1
麦わらの一味の操舵手は誰ですか？,ジンベエ,ナミ,ゾロ,サンジ,1,"ジンベエは麦わらの一味の操舵手です。",1
麦わらの一味の旗揚げ当初のメンバーは何人でしたか？,5人,3人,7人,9人,1,"ルフィ、ゾロ、ナミ、ウソップ、サンジの5人でした。",2
アラバスタ編でルフィが倒した敵の名前は何ですか？,クロコダイル,エネル,ドフラミンゴ,カイドウ,1,"アラバスタ編でルフィはクロコダイルを倒しました。",1
スカイピア編でルフィが倒した敵の名前は何ですか？,エネル,クロコダイル,ドフラミンゴ,カイドウ,1,"スカイピア編でルフィはエネルを倒しました。",1
スリラーバーク編でルフィが倒した敵の名前は何ですか？,ゲッコー・モリア,クロコダイル,エネル,ドフラミンゴ,1,"スリラーバーク編でルフィはゲッコー・モリアを倒しました。",1
魚人島編でルフィが倒した敵の名前は何ですか？,ホーディ・ジョーンズ,クロコダイル,エネル,ドフラミンゴ,1,"魚人島編でルフィはホーディ・ジョーンズを倒しました。",1
パンクハザード編でルフィが倒した敵の名前は何ですか？,シーザー・クラウン,クロコダイル,エネル,ドフラミンゴ,1,"パンクハザード編でルフィはシーザー・クラウンを倒しました。",1
ドレスローザ編でルフィが倒した敵の名前は何ですか？,ドンキホーテ・ドフラミンゴ,クロコダイル,エネル,シーザー・クラウン,1,"ドレスローザ編でルフィはドンキホーテ・ドフラミンゴを倒しました。",1
ホールケーキアイランド編でルフィが倒した敵の名前は何ですか？,シャーロット・カタクリ,シャーロット・リンリン,シーザー・クラウン,ドンキホーテ・ドフラミンゴ,1,"ホールケーキアイランド編でルフィはシャーロット・カタクリを倒しました。",2
ワノ国編でルフィが倒した敵の名前は何ですか？,カイドウ,シャーロット・リンリン,シーザー・クラウン,ドンキホーテ・ドフラミンゴ,1,"ワノ国編でルフィはカイドウを倒しました。",1
ルフィが最初に食べた悪魔の実は何ですか？,ゴムゴムの実,メラメラの実,バラバラの実,スナスナの実,1,"ルフィはゴムゴムの実を食べました。",1
エースが食べた悪魔の実は何ですか？,メラメラの実,ゴムゴムの実,バラバラの実,スナスナの実,1,"エースはメラメラの実を食べました。",1
サボが食べた悪魔の実は何ですか？,メラメラの実,ゴムゴムの実,バラバラの実,スナスナの実,1,"サボはメラメラの実を継承しました。",1
バギーが食べた悪魔の実は何ですか？,バラバラの実,ゴムゴムの実,メラメラの実,スナスナの実,1,"バギーはバラバラの実を食べました。",1
クロコダイルが食べた悪魔の実は何ですか？,スナスナの実,ゴムゴムの実,メラメラの実,バラバラの実,1,"クロコダイルはスナスナの実を食べました。",1
スモーカーが食べた悪魔の実は何ですか？,モクモクの実,ゴムゴムの実,メラメラの実,バラバラの実,1,"スモーカーはモクモクの実を食べました。",1
エネルが食べた悪魔の実は何ですか？,ゴロゴロの実,ゴムゴムの実,メラメラの実,バラバラの実,1,"エネルはゴロゴロの実を食べました。",1
青雉が食べた悪魔の実は何ですか？,ヒエヒエの実,ゴムゴムの実,メラメラの実,バラバラの実,1,"青雉はヒエヒエの実を食べました。",1
黄猿が食べた悪魔の実は何ですか？,ピカピカの実,ゴムゴムの実,メラメラの実,バラバラの実,1,"黄猿はピカピカの実を食べました。",1
赤犬が食べた悪魔の実は何ですか？,マグマグの実,ゴムゴムの実,メラメラの実,バラバラの実,1,"赤犬はマグマグの実を食べました。",1
ローが食べた悪魔の実は何ですか？,オペオペの実,ゴムゴムの実,メラメラの実,バラバラの実,1,"ローはオペオペの実を食べました。",1
ハンコックが食べた悪魔の実は何ですか？,メロメロの実,ゴムゴムの実,メラメラの実,バラバラの実,1,"ハンコックはメロメロの実を食べました。",1
モリアが食べた悪魔の実は何ですか？,カゲカゲの実,ゴムゴムの実,メラメラの実,バラバラの実,1,"モリアはカゲカゲの実を食べました。",1
くまが食べた悪魔の実は何ですか？,ニキュニキュの実,ゴムゴムの実,メラメラの実,バラバラの実,1,"くまはニキュニキュの実を食べました。",1
ドフラミンゴが食べた悪魔の実は何ですか？,イトイトの実,ゴムゴムの実,メラメラの実,バラバラの実,1,"ドフラミンゴはイトイトの実を食べました。",1
エースのスペード海賊団の船の名前は何ですか？,ピースメイン号,ストライカー,モビーディック号,レッドフォース号,1,"エースのスペード海賊団の船はピースメイン号です。",3
エースの母親の名前は何ですか？,ポートガス・D・ルージュ,オルビア,ボニー,しらほし,1,"エースの母親はポートガス・D・ルージュです。",3
エースの父親の名前は何ですか？,ゴール・D・ロジャー,モンキー・D・ドラゴン,モンキー・D・ガープ,エドワード・ニューゲート,1,"エースの父親はゴール・D・ロジャーです。",2
シャンクスの左目の傷をつけたのは誰ですか？,黒ひげ,白ひげ,カイドウ,ビッグ・マム,1,"シャンクスの左目の傷は黒ひげにつけられました。",3
黒ひげが最初に登場した場所はどこですか？,ドラム王国,モックタウン,ウォーターセブン,マリンフォード,1,"黒ひげはモックタウンで初登場しました。",3
インペルダウンのレベル6に収監されていた人物は誰ですか？,エース,ルフィ,ゾロ,サンジ,1,"エースはインペルダウンのレベル6に収監されていました。",2
マリンフォードでルフィがエースを助けようとした理由は？,兄弟だから,友達だから,助けを求められたから,海賊王になるため,1,"ルフィはエースが実の兄であるため、助けようとしました。",1
コビーの最初の夢は何ですか？,海軍将校になること,海賊になること,魚人になること,世界一の大剣豪になること,1,"コビーの最初の夢は海軍将校になることでした。",2
ヘルメッポの父親の名前は何ですか？,モーガン,コビー,スモーカー,ヒナ,1,"ヘルメッポの父親はモーガン大佐です。",2
G-8支部を率いる海軍将校の名前は何ですか？,ジョナサン,スモーカー,ヒナ,ガープ,1,"G-8支部はジョナサンが率いていました。",4
バスターコールを発動できるのは誰ですか？,世界政府の権力者,海軍本部大将,七武海,四皇,1,"バスターコールを発動できるのは世界政府の権力者です。",3
歴史の本文（ポーネグリフ）を読めるのは誰ですか？,ニコ・ロビン,モンキー・D・ルフィ,ロロノア・ゾロ,サンジ,1,"ニコ・ロビンはポーネグリフを読める唯一の人物です。",1
ラフテルにたどり着くために必要なものは何ですか？,ロード・ポーネグリフ,世界地図,永遠の記録指針,悪魔の実,1,"ラフテルにたどり着くためには4つのロード・ポーネグリフが必要です。",3
海賊王ゴール・D・ロジャーの処刑された場所はどこですか？,ローグタウン,マリンフォード,インペルダウン,シャボンディ諸島,1,"ゴール・D・ロジャーはローグタウンで処刑されました。",2
ロジャーが残した言葉は何ですか？,"俺の財宝か？欲しけりゃくれてやる…探せ！",“仲間がいるさ！”,“自由になれ！”,“海は広いぞ！”,1,"ロジャーの残した言葉は「俺の財宝か？欲しけりゃくれてやる…探せ！」です。",1
悪魔の実を食べると何ができないようになりますか？,泳ぐこと,飛ぶこと,歩くこと,話すこと,1,"悪魔の実の能力者は泳げなくなります。",1
悪魔の実の能力はどのように継承されますか？,近くの果物に宿る,血縁者に継承される,特別な儀式が必要,食べると発現する,1,"悪魔の実の能力は、能力者が死ぬと近くの果物に宿ります。",3
覇気には何種類ありますか？,3種類,2種類,4種類,5種類,1,"覇気には武装色、見聞色、覇王色の3種類があります。",1
武装色の覇気の効果は何ですか？,攻撃力を上げる,未来を予知する,相手を威圧する,傷を癒す,1,"武装色の覇気は攻撃力を上げ、悪魔の実の能力者の実体を捉えることができます。",1
見聞色の覇気の効果は何ですか？,未来を予知する,攻撃力を上げる,相手を威圧する,傷を癒す,1,"見聞色の覇気は相手の気配や感情を察知し、未来を予知することもできます。",1
覇王色の覇気の効果は何ですか？,相手を威圧する,攻撃力を上げる,未来を予知する,傷を癒す,1,"覇王色の覇気は選ばれた者にしか使えず、相手を威圧したり気絶させたりできます。",1
ルフィが覇王色の覇気を初めて使ったのはいつですか？,インペルダウン,マリンフォード,シャボンディ諸島,エニエス・ロビー,1,"ルフィはインペルダウンで覇王色の覇気を初めて使いました。",3
ゾロが覇王色の覇気を覚醒させたのはいつですか？,ワノ国,ドレスローザ,スリラーバーク,魚人島,1,"ゾロはワノ国で覇王色の覇気を覚醒させました。",4
サンジが覇気を使えるようになったのはいつですか？,2年間の修行後,グランドライン突入後,アラバスタ編後,頂上戦争後,1,"サンジは2年間の修行後に覇気を習得しました。",2
ワノ国でルフィが習得した新しい覇気の技術は何ですか？,流桜,武装色強化,見聞色強化,覇王色強化,1,"ワノ国でルフィは流桜を習得しました。",3
ルフィのギア4の形態の一つは何ですか？,バウンドマン,タンクマン,スネイクマン,全て,4,"ルフィのギア4にはバウンドマン、タンクマン、スネイクマンなどの形態があります。",3
ルフィのギア5の形態の名前は何ですか？,ニカ,サンゴ,ヨミ,ゼウス,1,"ルフィのギア5は「ニカ」と呼ばれています。",4
ゾロの三刀流の技の一つは何ですか？,鬼斬り,獅子歌歌,煩悩鳳,全て,4,"鬼斬り、獅子歌歌、煩悩鳳など、ゾロの三刀流には多くの技があります。",1
サンジの足技の一つは何ですか？,悪魔風脚,画竜点睛,ディアブルジャンブ,メテオストライク,1,"サンジの足技の一つは悪魔風脚（ディアブルジャンブ）です。",1
ナミの天候棒の技の一つは何ですか？,サンダーボルトテンポ,サイクロンテンポ,クラウドテンポ,レインボーテンポ,1,"ナミの天候棒にはサンダーボルトテンポなどがあります。",1
ウソップの必殺技の一つは何ですか？,火の鳥星,緑星,必殺火の鳥星,インパクト,1,"ウソップの必殺技には火の鳥星などがあります。",1
チョッパーの変形の一つは何ですか？,ランブルボール,人獣型,人間型,動物型,1,"チョッパーはランブルボールを使って変形します。",1
ロビンの技の一つは何ですか？,千紫万紅・巨大樹,百花繚乱・大樹,万花繚乱・巨木,十花繚乱・小木,1,"ロビンの技には千紫万紅・巨大樹などがあります。",2
フランキーの必殺技の一つは何ですか？,風来砲,フランキーパンチ,フランキーラディカルビーム,スーパーフランク,1,"フランキーの必殺技には風来砲などがあります。",1
ブルックの必殺技の一つは何ですか？,鼻唄三丁・矢筈斬り,魂の叫び,ソウルソリッド,氷の世界,1,"ブルックの必殺技には鼻唄三丁・矢筈斬りなどがあります。",1
ジンベエの魚人空手の技の一つは何ですか？,魚人空手・瓦正拳,海流一本背負い,槍波,梅花皮,1,"ジンベエの魚人空手には瓦正拳などがあります。",1
アーロンパーク編でルフィが倒した敵の名前は何ですか？,アーロン,バギー,クロコダイル,エネル,1,"アーロンパーク編でルフィはアーロンを倒しました。",1
ドラム王国編でルフィが倒した敵の名前は何ですか？,ワポル,クロコダイル,エネル,アーロン,1,"ドラム王国編でルフィはワポルを倒しました。",2
エニエス・ロビー編でルフィが倒した敵の名前は何ですか？,ロブ・ルッチ,クロコダイル,エネル,ワポル,1,"エニエス・ロビー編でルフィはロブ・ルッチを倒しました。",2
頂上戦争でエースが命を落とした理由は？,赤犬の攻撃,黒ひげの攻撃,白ひげの攻撃,シャンクスの攻撃,1,"エースは赤犬のマグマグの実の攻撃で命を落としました。",2
ローグタウンでルフィが助けられたのは誰のおかげですか？,ドラゴン,シャンクス,ゾロ,サンジ,1,"ローグタウンでルフィは父親のドラゴンに助けられました。",3
サボが革命軍に入ったきっかけは何ですか？,エースの死,ルフィとの再会,ドラゴンの誘い,天竜人への憎しみ,1,"サボは天竜人への憎しみから革命軍に入りました。",3
エースが白ひげの傘下に入った理由は何ですか？,白ひげに憧れていたから,ルフィを守るため,海賊王になるため,自由を求めて,1,"エースは白ひげの家族になることを選びました。",2
麦わらの一味が最初に遭遇した七武海は誰ですか？,クロコダイル,ジンベエ,モリア,ドフラミンゴ,1,"麦わらの一味が最初に遭遇した七武海はクロコダイルです。",2
七武海の一人であるくまの正体は何ですか？,サイボーグ,人間,魚人,巨人,1,"くまは政府の実験でサイボーグに改造されました。",3
七武海の一人であるドフラミンゴの出身地はどこですか？,聖地マリージョア,ドレスローザ,インペルダウン,パンクハザード,1,"ドフラミンゴは元天竜人です。",4
七武海の一人であるミホークの異名は何ですか？,鷹の目,剣豪,世界最強の剣士,黒刀,1,"ミホークは「鷹の目のミホーク」と呼ばれています。",1
七武海の一人であるハンコックの異名は何ですか？,海賊女帝,アマゾン・リリーの女王,メロメロの女帝,蛇姫,1,"ハンコックは「海賊女帝」と呼ばれています。",1
四皇の一人であるビッグ・マムの能力は何ですか？,魂を操る,炎を操る,雷を操る,氷を操る,1,"ビッグ・マムはソウルソウル（魂魂）の実の能力者です。",3
四皇の一人であるカイドウの能力は何ですか？,人獣型,竜型,巨人型,魚人型,1,"カイドウはウオウオの実幻獣種モデル"青龍"の能力者です。",3
四皇の一人であるシャンクスの能力は何ですか？,不明,覇気,悪魔の実の能力,剣術,1,"シャンクスの能力は悪魔の実ではなく覇気と剣術です。",2
四皇の一人である黒ひげの能力は何ですか？,ヤミヤミの実とグラグラの実,ヤミヤミの実,グラグラの実,不明,1,"黒ひげはヤミヤミの実とグラグラの実の二つの能力を持っています。",2
海軍本部の三大将の総称は何ですか？,海軍の最高戦力,海軍の三大勢力,海軍の最高戦力,海軍の三強,1,"海軍本部三大将は「海軍の最高戦力」と呼ばれています。",1
世界会議（レヴェリー）が行われる場所はどこですか？,聖地マリージョア,グランドライン,新世界,偉大なる航路,1,"世界会議は聖地マリージョアで行われます。",2
イム様の正体は？,不明,世界政府の最高権力者,海軍本部元帥,革命軍総司令官,1,"イム様の正体は不明ですが、世界政府の最高権力者とされています。",5
空白の100年を研究しているのは誰ですか？,世界政府,考古学者,歴史学者,海軍本部,1,"空白の100年は世界政府が隠蔽しています。",4
ONE PIECEの世界に存在する歴史の本文の種類は何種類ですか？,3種類,2種類,4種類,5種類,1,"歴史の本文には歴史を伝える「歴史の本文」、その場所を示す「ロード・ポーネグリフ」、そこに刻まれた文字の真意が記された「歴史を紡ぐテキスト」の3種類があります。",4
ラフテルにたどり着くために必要なロード・ポーネグリフは何個ですか？,4個,3個,2個,5個,1,"ラフテルにたどり着くには4つのロード・ポーネグリフが必要です。",3
魚人島に住む人魚の女王の名前は何ですか？,オトヒメ,しらほし,ヴィヴィ,レベッカ,1,"魚人島の女王はオトヒメです。",3
魚人島で起こった事件で、ジンベエが阻止しようとしたのは誰ですか？,ホーディ・ジョーンズ,アーロン,ゼオ,ダルマ,1,"ジンベエはホーディ・ジョーンズの暴走を止めようとしました。",3
ドレスローザでドフラミンゴが仕掛けた「鳥カゴ」の能力は何ですか？,イトイトの実,バラバラの実,マネマネの実,スベスベの実,1,"ドフラミンゴのイトイトの実の能力による「鳥カゴ」です。",3
ホールケーキアイランドでルフィ達がサンジを取り戻すために共闘したのは誰ですか？,カポネ・ベッジ,ロー,キッド,ホーキンス,1,"ホールケーキアイランドでカポネ・ベッジと共闘しました。",4
ワノ国でルフィ達がカイドウを倒すために共闘した海賊団の船長は誰ですか？,ローとキッド,ローとベッジ,キッドとホーキンス,ローとホーキンス,1,"ローとキッドがルフィと共闘しました。",3
ワノ国での戦いでゾロが手に入れた刀の名前は何ですか？,閻魔,和道一文字,三代鬼徹,秋水,1,"ワノ国でゾロは閻魔を手に入れました。",3
ワノ国での戦いでサンジが使用したレイドスーツの名前は何ですか？,ステルスブラック,ジェットブラック,ナイトブラック,シャドウブラック,1,"サンジはステルスブラックのレイドスーツを使用しました。",3
ワノ国でルフィが覚醒した悪魔の実は何ですか？,ヒトヒトの実 幻獣種モデル"ニカ",ゴムゴムの実,メラメラの実,バラバラの実,1,"ルフィのゴムゴムの実は実はヒトヒトの実 幻獣種モデル"ニカ"でした。",4
麦わらの一味の船に付いているマークは何ですか？,麦わら帽子のドクロ,ゾロの刀,ナミのみかん,ウソップのパチンコ,1,"麦わらの一味のマークは麦わら帽子のドクロです。",1
ルフィの師匠の一人である冥王レイリーが住んでいる島はどこですか？,シャボンディ諸島,女ヶ島,マリンフォード,インペルダウン,1,"レイリーはシャボンディ諸島に住んでいます。",2
ゾロの師匠の名前は何ですか？,ミホーク,耕四郎,リューマ,シャンクス,1,"ゾロの師匠はミホークです。",2
サンジの師匠の名前は何ですか？,ゼフ,レイリー,イワンコフ,シリュウ,1,"サンジの師匠はゼフです。",2
ウソップの師匠は誰ですか？,ヘラクレス,ヤソップ,レイリー,ミホーク,1,"ウソップはヘラクレスに師事しました。",3
フランキーの師匠は誰ですか？,トムさん,アイスバーグ,コーザ,ロブ・ルッチ,1,"フランキーの師匠はトムさんです。",2
ブルックの音楽の師匠は誰ですか？,ルンバー海賊団,ソウルキング,ヨミヨミの実,デュバル,1,"ブルックはルンバー海賊団の音楽家でした。",3
ジンベエの魚人空手の師匠は誰ですか？,タイヨウの海賊団,フィッシャー・タイガー,アーロン,オトヒメ,1,"ジンベエはタイヨウの海賊団のメンバーでした。",3
スモーカーの階級は何ですか？,大佐,中将,少将,准将,1,"スモーカーは当初、大佐でした。",2
ヒナの悪魔の実は何ですか？,オリオリの実,ドクドクの実,バラバラの実,スベスベの実,1,"ヒナはオリオリの実の能力者です。",3
コビーが所属する海軍の部署はどこですか？,SWORD,CP9,CP0,G-1支部,1,"コビーはSWORDに所属しています。",4
G-5支部を率いる海軍将校の名前は何ですか？,ヴェルゴ,スモーカー,たしぎ,ヒナ,1,"G-5支部はヴェルゴが率いていました。",4
元七武海の一人であるジンベエが元々所属していた海賊団の名前は何ですか？,タイヨウの海賊団,太陽海賊団,タイヨウの海賊団,魚人海賊団,1,"ジンベエはタイヨウの海賊団の船長でした。",2
黒ひげ海賊団の船医の名前は何ですか？,ドクQ,ラフィット,バスコ・ショット,シリュウ,1,"黒ひげ海賊団の船医はドクQです。",3
黒ひげ海賊団の狙撃手の名前は何ですか？,ヴァン・オーガー,ラフィット,バスコ・ショット,シリュウ,1,"黒ひげ海賊団の狙撃手はヴァン・オーガーです。",3
黒ひげ海賊団の航海士の名前は何ですか？,ラフィット,ドクQ,バスコ・ショット,シリュウ,1,"黒ひげ海賊団の航海士はラフィットです。",4
黒ひげ海賊団の船大工の名前は何ですか？,バスコ・ショット,ドクQ,ラフィット,シリュウ,1,"黒ひげ海賊団のバスコ・ショットです。",4
黒ひげ海賊団の剣士の名前は何ですか？,シリュウ,ドクQ,ラフィット,バスコ・ショット,1,"黒ひげ海賊団のシリュウです。",3
赤髪海賊団の狙撃手の名前は何ですか？,ヤソップ,ベン・ベックマン,ラッキー・ルウ,ホンゴウ,1,"赤髪海賊団の狙撃手はヤソップです。",2
赤髪海賊団の副船長の名前は何ですか？,ベン・ベックマン,ヤソップ,ラッキー・ルウ,ホンゴウ,1,"赤髪海賊団の副船長はベン・ベックマンです。",2
赤髪海賊団の航海士の名前は何ですか？,ラッキー・ルウ,ヤソップ,ベン・ベックマン,ホンゴウ,1,"赤髪海賊団の幹部の一人です。",4
赤髪海賊団の医者の名前は何ですか？,ホンゴウ,ヤソップ,ベン・ベックマン,ラッキー・ルウ,1,"赤髪海賊団の医者はホンゴウです。",4
白ひげ海賊団の1番隊隊長の名前は何ですか？,マルコ,エース,ジョズ,ビスタ,1,"白ひげ海賊団1番隊隊長はマルコです。",2
白ひげ海賊団の2番隊隊長の名前は何ですか？,エース,マルコ,ジョズ,ビスタ,1,"白ひげ海賊団2番隊隊長はエースです。",2
白ひげ海賊団の3番隊隊長の名前は何ですか？,ジョズ,マルコ,エース,ビスタ,1,"白ひげ海賊団3番隊隊長はジョズです。",2
白ひげ海賊団の5番隊隊長の名前は何ですか？,ビスタ,マルコ,エース,ジョズ,1,"白ひげ海賊団5番隊隊長はビスタです。",3
白ひげ海賊団の船長エドワード・ニューゲートの異名は何ですか？,世界最強の男,海賊王,海の皇帝,世界の破壊者,1,"白ひげは「世界最強の男」と呼ばれています。",2
白ひげ海賊団の船長エドワード・ニューゲートの能力は何ですか？,グラグラの実,メラメラの実,ピカピカの実,ヒエヒエの実,1,"白ひげはグラグラの実の能力者です。",2
白ひげ海賊団のマルコの能力は何ですか？,トリトリの実 幻獣種モデル"フェニックス",ヒトヒトの実,イヌイヌの実,ネコネコの実,1,"マルコはトリトリの実 幻獣種モデル"フェニックス"の能力者です。",3
世界政府の諜報機関CP9のメンバーの一人、カクの悪魔の実は何ですか？,ウシウシの実 モデル"ジラフ",ネコネコの実 モデル"レオパルド",イヌイヌの実 モデル"ダックスフント",ゾウゾウの実,1,"カクはウシウシの実 モデル"ジラフ"の能力者です。",3
世界政府の諜報機関CP9のメンバーの一人、ジャブラの悪魔の実は何ですか？,イヌイヌの実 モデル"ウルフ",ウシウシの実 モデル"ジラフ",ネコネコの実 モデル"レオパルド",ゾウゾウの実,1,"ジャブラはイヌイヌの実 モデル"ウルフ"の能力者です。",3
世界政府の諜報機関CP9のメンバーの一人、ブルーノの悪魔の実は何ですか？,ドアドアの実,アワアワの実,カゲカゲの実,ヨミヨミの実,1,"ブルーノはドアドアの実の能力者です。",3
世界政府の諜報機関CP9のメンバーの一人、カリファの悪魔の実は何ですか？,アワアワの実,ドアドアの実,カゲカゲの実,ヨミヨミの実,1,"カリファはアワアワの実の能力者です。",3
世界政府の諜報機関CP9のメンバーの一人、フクロウの能力は何ですか？,不明,六式,悪魔の実の能力,体術,1,"フクロウの能力は不明です。",4
世界政府の諜報機関CP9のメンバーの一人、クマドリの能力は何ですか？,不明,六式,悪魔の実の能力,体術,1,"クマドリの能力は不明です。",4
世界政府の諜報機関CP0のメンバー、ロブ・ルッチが現在所属している組織はどこですか？,CP0,CP9,海軍,革命軍,1,"ロブ・ルッチは現在CP0に所属しています。",3
ドレスローザでルフィ達が戦ったドンキホーテファミリーの最高幹部の一人、ピーカの悪魔の実は何ですか？,イシイシの実,イトイトの実,バラバラの実,スベスベの実,1,"ピーカはイシイシの実の能力者です。",4
ドレスローザでルフィ達が戦ったドンキホーテファミリーの最高幹部の一人、ディアマンテの悪魔の実は何ですか？,ヒラヒラの実,イトイトの実,バラバラの実,スベスベの実,1,"ディアマンテはヒラヒラの実の能力者です。",4
ドレスローザでルフィ達が戦ったドンキホーテファミリーの最高幹部の一人、トレーボルの悪魔の実は何ですか？,ベタベタの実,イトイトの実,バラバラの実,スベスベの実,1,"トレーボルはベタベタの実の能力者です。",4
ドレスローザでルフィ達が戦ったドンキホーテファミリーの最高幹部の一人、シュガーの悪魔の実は何ですか？,ホビホビの実,イトイトの実,バラバラの実,スベスベの実,1,"シュガーはホビホビの実の能力者です。",3
ホールケーキアイランドでルフィ達が戦ったビッグ・マムの子供の一人、シャーロット・カタクリの悪魔の実は何ですか？,モチモチの実,ソウルソウル（魂魂）の実,メロメロの実,グルグル野実,1,"カタクリはモチモチの実の能力者です。",4
ホールケーキアイランドでルフィ達が戦ったビッグ・マムの子供の一人、シャーロット・スムージーの能力は何ですか？,絞る,溶かす,凍らせる,燃やす,1,"スムージーはあらゆるものを絞り出す能力者です。",4
ホールケーキアイランドでルフィ達が戦ったビッグ・マムの子供の一人、シャーロット・ダイフクの能力は何ですか？,ランプの魔神を呼び出す,炎を操る,雷を操る,氷を操る,1,"ダイフクはランプの魔神を呼び出す能力者です。",4
ホールケーキアイランドでルフィ達が戦ったビッグ・マムの子供の一人、シャーロット・オーブンの能力は何ですか？,熱を操る,炎を操る,雷を操る,氷を操る,1,"オーブンは熱を操る能力者です。",4
ホールケーキアイランドでルフィ達が戦ったビッグ・マムの子供の一人、シャーロット・プリンの悪魔の実は何ですか？,メモメモの実,ソウルソウル（魂魂）の実,メロメロの実,グルグル野実,1,"プリンはメモメモの実の能力者です。",4
ワノ国でルフィ達が戦ったカイドウの最高幹部、キングの種族は何ですか？,ルナーリア族,巨人族,魚人族,小人族,1,"キングはルナーリア族です。",5
ワノ国でルフィ達が戦ったカイドウの最高幹部、クイーンの悪魔の実は何ですか？,リュウリュウの実 モデル"ブラキオサウルス",リュウリュウの実 モデル"プテラノドン",リュウリュウの実 モデル"アロサウルス",ヘビヘビの実 モデル"アナコンダ",1,"クイーンはリュウリュウの実 モデル"ブラキオサウルス"の能力者です。",4
ワノ国でルフィ達が戦ったカイドウの最高幹部、ジャックの悪魔の実は何ですか？,ゾウゾウの実 幻獣種モデル"マンモス",リュウリュウの実 モデル"ブラキオサウルス",リュウリュウの実 モデル"プテラノドン",ヘビヘビの実 モデル"アナコンダ",1,"ジャックはゾウゾウの実 幻獣種モデル"マンモス"の能力者です。",4
世界政府の最高権力機関である五老星の役割は何ですか？,世界政府のトップ,海軍本部の指揮,革命軍の討伐,世界地図の作成,1,"五老星は世界政府の最高意思決定機関です。",4
革命軍のナンバー2は誰ですか？,サボ,モンキー・D・ドラゴン,エンポリオ・イワンコフ,バーソロミュー・くま,1,"革命軍のナンバー2はサボです。",3
革命軍の「奇跡の人」と呼ばれるのは誰ですか？,エンポリオ・イワンコフ,サボ,モンキー・D・ドラゴン,バーソロミュー・くま,1,"イワンコフは「奇跡の人」と呼ばれています。",3
革命軍の「暴君」と呼ばれるのは誰ですか？,バーソロミュー・くま,サボ,モンキー・D・ドラゴン,エンポリオ・イワンコフ,1,"くまは「暴君」と呼ばれていました。",3
世界政府の諜報機関CP0の最高戦力は誰ですか？,ロブ・ルッチ,カク,カリファ,ブルーノ,1,"CP0の最高戦力はロブ・ルッチです。",4
世界政府の闇の組織サイファーポールに属さない唯一の独立した諜報機関の名前は何ですか？,SWORD,CP9,CP0,G-1支部,1,"SWORDはサイファーポールに属さない海軍の独立部隊です。",5
ラフテルを発見したとされる人物は誰ですか？,ゴール・D・ロジャー,モンキー・D・ルフィ,エドワード・ニューゲート,シャンクス,1,"ラフテルはゴール・D・ロジャーが到達しました。",2
ロード・ポーネグリフの一つが現在どこにあるとされていますか？,ワノ国,ホールケーキアイランド,ゾウ,マリージョア,1,"ロード・ポーネグリフの一つはゾウにあります。",4
天竜人の住む場所はどこですか？,聖地マリージョア,グランドライン,新世界,偉大なる航路,1,"天竜人は聖地マリージョアに住んでいます。",2
魚人族の英雄であるフィッシャー・タイガーが率いた海賊団の名前は何ですか？,タイヨウの海賊団,太陽海賊団,フィッシャー海賊団,ジンベエ海賊団,1,"フィッシャー・タイガーはタイヨウの海賊団の船長でした。",3
ワノ国でゾロが一時的に預かっていた刀の名前は何ですか？,秋水,和道一文字,三代鬼徹,閻魔,1,"ワノ国でゾロはリューマの刀、秋水を一時的に預かりました。",3
ワノ国でルフィが覚醒した悪魔の実に宿る解放の戦士の名前は何ですか？,ニカ,ジョイボーイ,ルフィ,太陽の神,1,"ゴムゴムの実の真の姿は太陽の神ニカの能力です。",4
ゾロが幼少期に誓いを立てた友人の名前は何ですか？,くいな,たしぎ,ひより,しのぶ,1,"ゾロはくいなとの約束を果たすため、世界一の剣豪を目指しています。",2
サンジが幼少期に育った場所はどこですか？,バラティエ,ジェルマ王国,イーストブルー,グランドライン,1,"サンジはバラティエでゼフに育てられました。",2
ナミが測量士を目指すきっかけとなった出来事は何ですか？,アーロンパーク事件,グランドライン突入,仲間との出会い,世界地図の発見,1,"ナミはアーロンパーク事件を通じて、世界地図を描くことを決意しました。",2
ウソップが勇敢な海の戦士を目指すきっかけは何ですか？,父との再会,ルフィとの出会い,カヤとの約束,冒険への憧れ,1,"ウソップはカヤとの約束を果たすため、勇敢な海の戦士を目指しています。",2
チョッパーが医者を目指すきっかけは何ですか？,Dr.ヒルルクの死,Dr.くれはとの出会い,ルフィとの出会い,病気の治療,1,"チョッパーはDr.ヒルルクの死をきっかけに医者を志しました。",2
ロビンが考古学者になったきっかけは何ですか？,オハラでの出来事,ポーネグリフの発見,世界政府への反抗,仲間との出会い,1,"ロビンはオハラの悲劇からポーネグリフの解読を目指しています。",2
フランキーが船大工になったきっかけは何ですか？,トムさんとの出会い,サウザンドサニー号の建造,海賊への憧れ,自身の改造,1,"フランキーはトムさんとの出会いを通じて船大工になりました。",2
ブルックが音楽家になったきっかけは何ですか？,ルンバー海賊団との出会い,ヨミヨミの実の能力,仲間との約束,自身の魂,1,"ブルックはルンバー海賊団の音楽家でした。",2
ジンベエが魚人空手を習得したきっかけは何ですか？,タイヨウの海賊団の活動,フィッシャー・タイガーとの出会い,魚人島の歴史,自身の正義,1,"ジンベエは魚人空手の達人です。",2
ルフィの最初の懸賞金はいくらでしたか？,3000万ベリー,1億ベリー,5000万ベリー,1億5000万ベリー,1,"ルフィの最初の懸賞金は3000万ベリーでした。",1
ルフィの懸賞金が初めて1億ベリーになったのはいつですか？,アラバスタ編後,スカイピア編後,エニエス・ロビー編後,インペルダウン脱獄後,1,"ルフィの懸賞金が初めて1億ベリーになったのはアラバスタ編後です。",2
ルフィの懸賞金が初めて3億ベリーになったのはいつですか？,エニエス・ロビー編後,アラバスタ編後,スカイピア編後,インペルダウン脱獄後,1,"ルフィの懸賞金が初めて3億ベリーになったのはエニエス・ロビー編後です。",2
ルフィの懸賞金が初めて4億ベリーになったのはいつですか？,頂上戦争後,エニエス・ロビー編後,アラバスタ編後,スカイピア編後,1,"ルフィの懸賞金が初めて4億ベリーになったのは頂上戦争後です。",3
ルフィの懸賞金が初めて5億ベリーになったのはいつですか？,ドレスローザ編後,頂上戦争後,エニエス・ロビー編後,アラバスタ編後,1,"ルフィの懸賞金が初めて5億ベリーになったのはドレスローザ編後です。",3
ルフィの懸賞金が初めて15億ベリーになったのはいつですか？,ホールケーキアイランド編後,ドレスローザ編後,頂上戦争後,ワノ国編後,1,"ルフィの懸賞金が初めて15億ベリーになったのはホールケーキアイランド編後です。",3
ルフィの現在の懸賞金はいくらですか？,30億ベリー,15億ベリー,5億ベリー,10億ベリー,1,"ルフィの現在の懸賞金は30億ベリーです。",4
ゾロの最初の懸賞金はいくらでしたか？,6000万ベリー,3000万ベリー,1億ベリー,5000万ベリー,1,"ゾロの最初の懸賞金は6000万ベリーでした。",2
ゾロの懸賞金が初めて1億ベリーになったのはいつですか？,エニエス・ロビー編後,アラバスタ編後,スカイピア編後,頂上戦争後,1,"ゾロの懸賞金が初めて1億ベリーになったのはエニエス・ロビー編後です。",3
ゾロの懸賞金が初めて3億2000万ベリーになったのはいつですか？,ドレスローザ編後,エニエス・ロビー編後,アラバスタ編後,スカイピア編後,1,"ゾロの懸賞金が初めて3億2000万ベリーになったのはドレスローザ編後です。",3
ゾロの現在の懸賞金はいくらですか？,11億1100万ベリー,15億ベリー,30億ベリー,10億ベリー,1,"ゾロの現在の懸賞金は11億1100万ベリーです。",4
サンジの最初の懸賞金はいくらでしたか？,7700万ベリー,3000万ベリー,1億ベリー,5000万ベリー,1,"サンジの最初の懸賞金は7700万ベリーでした。",2
サンジの懸賞金が初めて1億ベリーになったのはいつですか？,エニエス・ロビー編後,アラバスタ編後,スカイピア編後,頂上戦争後,1,"サンジの懸賞金が初めて1億ベリーになったのはエニエス・ロビー編後です。",3
サンジの懸賞金が初めて1億7700万ベリーになったのはいつですか？,ドレスローザ編後,エニエス・ロビー編後,アラバスタ編後,スカイピア編後,1,"サンジの懸賞金が初めて1億7700万ベリーになったのはドレスローザ編後です。",3
サンジの懸賞金が初めて3億3000万ベリーになったのはいつですか？,ホールケーキアイランド編後,ドレスローザ編後,頂上戦争後,ワノ国編後,1,"サンジの懸賞金が初めて3億3000万ベリーになったのはホールケーキアイランド編後です。",3
サンジの現在の懸賞金はいくらですか？,10億3200万ベリー,15億ベリー,30億ベリー,10億ベリー,1,"サンジの現在の懸賞金は10億3200万ベリーです。",4
ナミの最初の懸賞金はいくらでしたか？,1600万ベリー,3000万ベリー,1億ベリー,5000万ベリー,1,"ナミの最初の懸賞金は1600万ベリーでした。",2
ナミの現在の懸賞金はいくらですか？,3億6600万ベリー,1億ベリー,5億ベリー,10億ベリー,1,"ナミの現在の懸賞金は3億6600万ベリーです。",4
ウソップの最初の懸賞金はいくらでしたか？,3000万ベリー,1600万ベリー,1億ベリー,5000万ベリー,1,"ウソップの最初の懸賞金は3000万ベリーでした。",2
ウソップの現在の懸賞金はいくらですか？,5億ベリー,1億ベリー,3億ベリー,10億ベリー,1,"ウソップの現在の懸賞金は5億ベリーです。",4
チョッパーの最初の懸賞金はいくらでしたか？,50ベリー,100ベリー,1000ベリー,5000ベリー,1,"チョッパーの最初の懸賞金は50ベリーでした。",1
チョッパーの現在の懸賞金はいくらですか？,1000ベリー,5000ベリー,1万ベリー,5万ベリー,1,"チョッパーの現在の懸賞金は1000ベリーです。",4
ロビンの最初の懸賞金はいくらでしたか？,7900万ベリー,3000万ベリー,1億ベリー,5000万ベリー,1,"ロビンの最初の懸賞金は7900万ベリーでした。",3
ロビンの現在の懸賞金はいくらですか？,9億3000万ベリー,1億ベリー,5億ベリー,10億ベリー,1,"ロビンの現在の懸賞金は9億3000万ベリーです。",4
フランキーの最初の懸賞金はいくらでしたか？,4400万ベリー,3000万ベリー,1億ベリー,5000万ベリー,1,"フランキーの最初の懸賞金は4400万ベリーでした。",3
フランキーの現在の懸賞金はいくらですか？,3億9400万ベリー,1億ベリー,5億ベリー,10億ベリー,1,"フランキーの現在の懸賞金は3億9400万ベリーです。",4
ブルックの最初の懸賞金はいくらでしたか？,3300万ベリー,3000万ベリー,1億ベリー,5000万ベリー,1,"ブルックの最初の懸賞金は3300万ベリーでした。",3
ブルックの現在の懸賞金はいくらですか？,3億8300万ベリー,1億ベリー,5億ベリー,10億ベリー,1,"ブルックの現在の懸賞金は3億8300万ベリーです。",4
ジンベエの最初の懸賞金はいくらでしたか？,7600万ベリー,3000万ベリー,1億ベリー,5000万ベリー,1,"ジンベエの最初の懸賞金は7600万ベリーでした。",3
ジンベエの現在の懸賞金はいくらですか？,11億ベリー,1億ベリー,5億ベリー,10億ベリー,1,"ジンベエの現在の懸賞金は11億ベリーです。",4
ルフィがアラバスタで「覇王色の覇気」を見せたのは誰に対してですか？,クロコダイル,エース,スモーカー,Mr.3,1,"ルフィがアラバスタで覇王色の覇気を見せたのはエースの力を借りたときです。",4
ゾロがスリラーバークで受けたダメージの量は誰が測定しましたか？,くま,モリア,チョッパー,ブルック,1,"くまがゾロにルフィのダメージを与えました。",4
サンジがホールケーキアイランドで結婚を拒否した相手は誰ですか？,シャーロット・プリン,シャーロット・スムージー,シャーロット・カタクリ,シャーロット・リンリン,1,"サンジはプリンとの結婚を拒否しました。",2
ナミが空島で雷を操る能力を一時的に手に入れたのは誰のおかげですか？,ウソップ,チョッパー,エネル,ガン・フォール,1,"ナミはウソップの助けで雷を操ることができました。",4
ウソップがドレスローザで覚醒させた能力は何ですか？,見聞色の覇気,武装色の覇気,覇王色の覇気,悪魔の実の能力,1,"ウソップはドレスローザで見聞色の覇気を覚醒させました。",4
チョッパーがランブルボールを使いすぎるとどうなりますか？,暴走する,意識を失う,体が小さくなる,体が大きくなる,1,"チョッパーはランブルボールを使いすぎると暴走します。",3
ロビンがオハラで生き残った理由は誰のおかげですか？,サウロ,ドラゴン,ルフィ,センゴク,1,"ロビンはサウロのおかげで生き残りました。",4
フランキーが自分の体を改造した理由は？,強くなるため,海賊になるため,船を守るため,トムさんの影響,1,"フランキーはトムさんの影響を受け、自分の体を改造しました。",3
ブルックがヨミヨミの実を食べたのはいつですか？,死後,生前,幽霊になってから,魂が戻ってから,1,"ブルックは生前にヨミヨミの実を食べました。",3
ジンベエがタイヨウの海賊団に入ったきっかけは何ですか？,フィッシャー・タイガーの勧誘,アーロンとの出会い,魚人島を守るため,海賊への憧れ,1,"ジンベエはフィッシャー・タイガーに感銘を受けタイヨウの海賊団に入りました。",3
ローグタウンでルフィが処刑台に上ったのは誰の仕業ですか？,バギー,スモーカー,シャンクス,ゾロ,1,"ローグタウンでルフィはバギーに処刑されそうになりました。",2
グランドラインに入って最初に上陸した島はどこですか？,リトルガーデン,ドラム王国,アラバスタ王国,ローグタウン,1,"グランドラインに入って最初にリトルガーデンに上陸しました。",3
リトルガーデンでルフィ達が遭遇した巨人族の二人の名前は何ですか？,ドリーとブロギー,オイモとカーシー,ヨルルとハイルディン,ウルージとホーキンス,1,"リトルガーデンでルフィ達はドリーとブロギーに会いました。",2
アラバスタ王国を内乱から救ったのは誰ですか？,ルフィ,クロコダイル,ビビ,コブラ,1,"ルフィがクロコダイルを倒し、アラバスタ王国を救いました。",1
スカイピアに到着するためにルフィ達が利用した乗り物は何ですか？,ノックアップストリーム,海列車,飛空艇,潜水艦,1,"スカイピアに到着するためにノックアップストリームを利用しました。",2
エニエス・ロビーでルフィが倒したCP9のロブ・ルッチの六式最大奥義は何ですか？,六王銃,指銃,嵐脚,鉄塊,1,"ルッチの六式最大奥義は六王銃です。",4
スリラーバークでルフィ達が遭遇した巨大な影の名前は何ですか？,オーズ,ゲッコー・モリア,ホグバック,アブサロム,1,"スリラーバークでルフィ達はオーズと戦いました。",2
シャボンディ諸島で天竜人を殴ったのは誰ですか？,ルフィ,ゾロ,サンジ,ロー,1,"シャボンディ諸島でルフィが天竜人を殴りました。",1
マリンフォードでの頂上戦争で、白ひげが残した最後の言葉は何ですか？,"ワンピースは実在する！",“俺の財宝はくれてやる！”,“仲間を信じろ！”,“海賊王は俺だ！”,1,"白ひげの最後の言葉は「ワンピースは実在する！」です。",2
インペルダウンのレベル5.5「ニューカマーランド」を仕切っているのは誰ですか？,エンポリオ・イワンコフ,ボン・クレー,マゼラン,ハンニャバル,1,"レベル5.5を仕切っているのはイワンコフです。",3
新世界編でルフィ達が最初に向かった島はどこですか？,魚人島,パンクハザード,ドレスローザ,ワノ国,1,"新世界編でルフィ達はまず魚人島に向かいました。",1
パンクハザードでルフィ達が遭遇した人造悪魔の実の名前は何ですか？,スマイル,悪魔の実,人工悪魔の実,ゼオン,1,"パンクハザードでシーザー・クラウンが作った人造悪魔の実はスマイルです。",2
ドレスローザでドフラミンゴが支配していた地下貿易の名称は何ですか？,SMILE工場,武器工場,麻薬工場,人造悪魔の実工場,1,"ドレスローザでドフラミンゴはSMILE工場を運営していました。",2
ホールケーキアイランドでサンジが「オールブルー」の夢を諦めかけた理由は？,家族のため,仲間を守るため,結婚のため,料理人としての誇り,1,"サンジは家族のために夢を諦めかけました。",2
ワノ国でルフィ達がカイドウを倒すために集まった場所はどこですか？,鬼ヶ島,花の都,えびす町,おこぼれ町,1,"ワノ国でルフィ達は鬼ヶ島に集まりました。",2
ワノ国での戦いでルフィが覚醒した悪魔の実の能力「ギア5」が発動した際の名前は何ですか？,ニカ,ジョイボーイ,ルフィ,太陽の神,1,"ギア5発動時のルフィは「ニカ」の姿になります。",4
ワンピースの世界に存在する古代兵器は何種類ですか？,3種類,2種類,4種類,5種類,1,"古代兵器はプルトン、ポセイドン、ウラヌスの3種類です。",2
古代兵器「プルトン」の正体は何ですか？,戦艦,人魚,巨人,海王類,1,"プルトンは巨大な戦艦です。",3
古代兵器「ポセイドン」の正体は何ですか？,人魚,戦艦,巨人,海王類,1,"ポセイドンは人魚姫しらほしです。",3
古代兵器「ウラヌス」の正体は何ですか？,不明,戦艦,人魚,巨人,1,"ウラヌスの正体は不明です。",5
世界政府の直属の最高諜報機関は何ですか？,CP0,CP9,CP7,CP5,1,"CP0は世界政府の最高諜報機関です。",4
イム様がいる場所はどこですか？,パンゲア城,聖地マリージョア,グランドライン,新世界,1,"イム様はパンゲア城にいます。",5
天竜人の最高位の称号は何ですか？,聖,天龍,神,王,1,"天竜人の最高位は「聖」です。",4
ドンキホーテ・ドフラミンゴが元々所属していたのはどこですか？,天竜人,七武海,四皇,海軍,1,"ドフラミンゴは元天竜人です。",3
ジェルマ66の国王は誰ですか？,ヴィンスモーク・ジャッジ,サンジ,レイジュ,ヨンジ,1,"ジェルマ66の国王はヴィンスモーク・ジャッジです。",3
ジェルマ66の兵器の名称は何ですか？,レイドスーツ,パワードスーツ,バトルスーツ,戦闘服,1,"ジェルマ66の兵器はレイドスーツです。",3
ホールケーキアイランドでサンジが生まれて初めて女性を殴ったのは誰ですか？,シャーロット・プリン,シャーロット・リンリン,シャーロット・スムージー,シャーロット・カタクリ,1,"サンジはプリンに殴られました。",4
ワノ国でルフィがカイドウを倒した際に使用した技は何ですか？,ゴムゴムの猿王銃,ゴムゴムの象銃,ゴムゴムの大猿王銃,ゴムゴムの巨人,1,"ルフィはゴムゴムの猿王銃でカイドウを倒しました。",4
魚人島の「しらほし姫」が持つ古代兵器の能力は何ですか？,ポセイドン,プルトン,ウラヌス,海王類を操る能力,1,"しらほし姫は古代兵器ポセイドンです。",3
世界政府の加盟国で唯一歴史の本文（ポーネグリフ）を研究していた学者の島はどこですか？,オハラ,エッグヘッド,ウォーターセブン,フーシャ村,1,"オハラはポーネグリフの研究を行っていました。",2
ロビンの故郷であるオハラの研究者たちが殺された理由は？,空白の100年を研究していたから,世界政府に反抗したから,悪魔の実を悪用したから,海賊と結託したから,1,"オハラの研究者たちは空白の100年を研究していたため殺されました。",3
グランドライン前半の海を指す言葉は何ですか？,楽園,新世界,偉大なる航路,東の海,1,"グランドライン前半は「楽園」と呼ばれています。",2
グランドライン後半の海を指す言葉は何ですか？,新世界,楽園,偉大なる航路,東の海,1,"グランドライン後半は「新世界」と呼ばれています。",2
ログポースが指す方向は？,次の島,グランドラインの終点,海賊王の財宝,ラフテル,1,"ログポースは次の島を指します。",1
ログポースが効かない場所はどこですか？,新世界,グランドライン,東の海,北の海,1,"新世界ではログポースが効かない場合があります。",3
永久指針（エターナルポース）が指す方向は？,特定の島,次の島,グランドラインの終点,ラフテル,1,"エターナルポースは特定の島を指します。",2
海軍の最高位である元帥の名前は何ですか？,サカズキ,センゴク,クザン,ボルサリーノ,1,"現在の海軍元帥はサカズキです。",3
世界政府の頂点に立つ存在は誰ですか？,イム様,五老星,天竜人,世界貴族,1,"世界政府の頂点に立つ存在はイム様とされています。",5
天竜人がかぶっている泡のドームの名前は何ですか？,シャボンディ,バブル,エア,クリア,1,"天竜人はシャボンディのドームをかぶっています。",3
天竜人のことを「創造主の子孫」と呼ぶのは誰ですか？,世界政府,海軍,一般市民,海賊,1,"天竜人は自らを「創造主の子孫」と称しています。",4
麦わらの一味が初めて集まった島はどこですか？,フーシャ村,ローグタウン,シェルズタウン,バラティエ,1,"ルフィの故郷はフーシャ村です。",2
ゾロがルフィの仲間になる前に捕らえられていた場所はどこですか？,シェルズタウン,フーシャ村,ローグタウン,バラティエ,1,"ゾロはシェルズタウンで捕らえられていました。",2
ナミがアーロンパークでアーロンに騙されていた理由は？,村を救うため,金のため,自由のため,家族のため,1,"ナミは村を救うためアーロンに協力していました。",2
ウソップがシロップ村で嘘をついていた理由は？,村を守るため,仲間を作るため,冒険に出るため,注目されたいから,1,"ウソップは村を守るため、嘘をついていました。",2
サンジが海上レストラン「バラティエ」を離れた理由は？,ルフィに誘われたから,ゼフの命令,新しい料理の追求,自由を求めて,1,"サンジはルフィに誘われ、バラティエを離れました。",2
チョッパーが船医になった理由は？,ルフィに認められたから,Dr.ヒルルクの遺志を継ぐため,Dr.くれはの命令,病気を治すため,1,"チョッパーはDr.ヒルルクの遺志を継ぐため、医者になりました。",2
ロビンが麦わらの一味に加入した理由は？,生きるため,ポーネグリフを解読するため,世界政府から逃れるため,ルフィに助けられたから,1,"ロビンはルフィに助けられ、生きることを選びました。",2
フランキーが麦わらの一味に加入した理由は？,サウザンドサニー号を建造したから,ルフィに認められたから,トムさんの遺志を継ぐため,自由を求めて,1,"フランキーはサウザンドサニー号を建造し、仲間になりました。",2
ブルックが麦わらの一味に加入した理由は？,ルフィに誘われたから,ラブーンとの約束を果たすため,ヨミヨミの実の能力を試すため,自由を求めて,1,"ブルックはラブーンとの約束を果たすため、麦わらの一味に加入しました。",2
ジンベエが麦わらの一味に加入した理由は？,ルフィに恩義があるから,魚人島を守るため,仲間を求めて,自由を求めて,1,"ジンベエはルフィに恩義があり、麦わらの一味に加入しました。",2
ルフィの最初の懸賞金を発令したのは誰ですか？,海軍本部,世界政府,七武海,四皇,1,"ルフィの最初の懸賞金は海軍本部が発令しました。",2
グランドラインに入った麦わらの一味が最初に遭遇した大物は誰ですか？,クロコダイル,エネル,ジンベエ,バロックワークス,1,"グランドラインに入ったばかりのルフィ達はバロックワークスに遭遇しました。",3
アラバスタ王国で内乱を煽っていたのは誰ですか？,クロコダイル,ミス・オールサンデー,Mr.2,Mr.3,1,"クロコダイルが内乱を煽っていました。",1
スカイピアでエネルが目指していた場所はどこですか？,無限のフロンティア,グランドライン,新世界,偉大なる航路,1,"エネルは無限のフロンティアを目指していました。",4
エニエス・ロビーでルフィ達が戦った相手は誰ですか？,CP9,CP0,海軍本部,世界政府,1,"エニエス・ロビーでルフィ達はCP9と戦いました。",1
スリラーバークでモリアが奪っていたものは何ですか？,影,魂,生命力,悪魔の実の能力,1,"モリアは影を奪っていました。",1
シャボンディ諸島でルフィ達を圧倒した海軍大将は誰ですか？,黄猿,青雉,赤犬,藤虎,1,"シャボンディ諸島で黄猿がルフィ達を圧倒しました。",2
マリンフォードでルフィがエースを救出するのに協力したのは誰ですか？,インペルダウンの囚人たち,七武海,四皇,革命軍,1,"ルフィはインペルダウンの囚人たちと協力しました。",2
インペルダウンの監獄署長は誰ですか？,マゼラン,ハンニャバル,サディちゃん,ドミノ,1,"インペルダウンの監獄署長はマゼランです。",2
新世界編でルフィ達が協力した海賊団の名前は何ですか？,ハートの海賊団,キッド海賊団,赤髪海賊団,黒ひげ海賊団,1,"新世界編でルフィ達はハートの海賊団と協力しました。",1
パンクハザードでルフィ達が遭遇した巨人族の子供たちは何に利用されていましたか？,人体実験,兵器開発,悪魔の実の製造,能力者の強化,1,"巨人族の子供たちは人体実験の被験者でした。",2
ドレスローザでドフラミンゴが製造していた人造悪魔の実の名称は何ですか？,SMILE,悪魔の実,人工悪魔の実,ゼオン,1,"ドフラミンゴはSMILEを製造していました。",1
ホールケーキアイランドでサンジが家族から逃げ出した理由は？,自由を求めて,仲間を守るため,夢を追いかけるため,結婚を拒否するため,1,"サンジは家族から逃げ出しました。",2
ワノ国でルフィ達がカイドウを倒した後に誕生した新たな四皇は誰ですか？,ルフィ,バギー,ロー,キッド,1,"ワノ国後、ルフィとバギーが新たな四皇になりました。",4
ワンピースの主人公モンキー・D・ルフィの異名は何ですか？,麦わらのルフィ,ゴムゴムのルフィ,海賊王,自由の戦士,1,"ルフィは「麦わらのルフィ」と呼ばれています。",1
ゾロの師匠であるミホークの異名は何ですか？,鷹の目,世界最強の剣士,黒刀のミホーク,海賊狩り,1,"ミホークは「鷹の目のミホーク」と呼ばれています。",1
サンジが料理人になったきっかけは何ですか？,ゼフとの出会い,オールブルーの夢,海賊になるため,世界一の料理人を目指して,1,"サンジはゼフとの出会いをきっかけに料理人になりました。",2
ナミが航海士になったきっかけは何ですか？,世界地図を描くため,お金を稼ぐため,アーロンパーク事件,冒険に出るため,1,"ナミは世界地図を描くため航海士になりました。",2
ウソップが狙撃手になったきっかけは何ですか？,父ヤソップの影響,狙撃の才能,勇敢な海の戦士を目指して,仲間を守るため,1,"ウソップは父ヤソップの影響で狙撃手になりました。",2
チョッパーが船医になったきっかけは何ですか？,Dr.ヒルルクの遺志を継ぐため,Dr.くれはの指導,病気を治すため,仲間を守るため,1,"チョッパーはDr.ヒルルクの遺志を継ぐため船医になりました。",2
ロビンが考古学者になったきっかけは何ですか？,オハラの悲劇,ポーネグリフの解読,世界政府への反抗,知識欲,1,"ロビンはオハラの悲劇から考古学者になりました。",2
フランキーが船大工になったきっかけは何ですか？,トムさんとの出会い,サウザンドサニー号の建造,海賊への憧れ,自身の改造,1,"フランキーはトムさんとの出会いをきっかけに船大工になりました。",2
ブルックが音楽家になったきっかけは何ですか？,ルンバー海賊団の音楽家,ヨミヨミの実の能力,ラブーンとの約束,魂の歌,1,"ブルックはルンバー海賊団の音楽家でした。",2
ジンベエが操舵手になったきっかけは何ですか？,魚人としての能力,タイヨウの海賊団での経験,ルフィへの恩義,自由を求めて,1,"ジンベエは魚人としての操舵能力に長けています。",2
麦わらの一味の船大工フランキーの本名は何ですか？,カティ・フラム,カティ・フラム,アイスバーグ,トム,1,"フランキーの本名はカティ・フラムです。",3
麦わらの一味の音楽家ブルックの異名は何ですか？,ソウルキング,鼻唄,骸骨,アフロ,1,"ブルックは「ソウルキング」という異名を持っています。",1
世界政府に所属する海軍の最高権力である「元帥」の名前は何ですか？,サカズキ,センゴク,クザン,ボルサリーノ,1,"現在の海軍元帥はサカズキです。",3
世界の均衡を保つ三大勢力の一つ、「王下七武海」は現在どうなっていますか？,撤廃された,増員された,減員された,名前が変わった,1,"王下七武海は撤廃されました。",4
天竜人の最高位である「聖」の称号を持つ人物は誰ですか？,不明,イム様,五老星,世界貴族,1,"イム様は天竜人の最高位である「聖」の称号を持つとされています。",5
海賊王ゴール・D・ロジャーの海賊団の名前は何ですか？,ロジャー海賊団,海賊王海賊団,ゴールド海賊団,伝説の海賊団,1,"ロジャーの海賊団は「ロジャー海賊団」です。",2
ロジャー海賊団の副船長の異名は何ですか？,冥王,海賊王の右腕,伝説の男,自由の王,1,"ロジャー海賊団の副船長は「冥王」レイリーです。",3
ロジャー海賊団の船医は誰ですか？,クロッカス,Dr.ヒルルク,Dr.くれは,ベガパンク,1,"ロジャー海賊団の船医はクロッカスです。",3
ロジャー海賊団の航海士は誰ですか？,スコッパー・ギャバン,レイリー,クロッカス,不明,1,"ロジャー海賊団の航海士はスコッパー・ギャバンです。",4
ロジャー海賊団の音楽家は誰ですか？,不明,ブルック,ジンベエ,チョッパー,1,"ロジャー海賊団の音楽家は不明です。",5
白ひげの船モビーディック号の船首像は何ですか？,クジラ,サメ,イルカ,ワニ,1,"モビーディック号の船首像はクジラです。",2
赤髪海賊団のシャンクスがルフィに預けたものは何ですか？,麦わら帽子,悪魔の実,財宝,船,1,"シャンクスはルフィに麦わら帽子を預けました。",1
黒ひげが奪った悪魔の実の能力は何ですか？,グラグラの実,メラメラの実,ヤミヤミの実,ピカピカの実,1,"黒ひげはグラグラの実の能力を奪いました。",3
海軍の英雄と呼ばれているのは誰ですか？,モンキー・D・ガープ,センゴク,サカズキ,クザン,1,"ガープは「海軍の英雄」と呼ばれています。",2
海軍の「仏のセンゴク」と呼ばれているのは誰ですか？,センゴク,ガープ,サカズキ,クザン,1,"センゴクは「仏のセンゴク」と呼ばれています。",2
革命軍の拠点はどこですか？,カマバッカ王国,ドラム王国,ドレスローザ,ワノ国,1,"革命軍の拠点はカマバッカ王国です。",3
魚人島で起こった事件の首謀者は誰ですか？,ホーディ・ジョーンズ,アーロン,ゼオ,ダルマ,1,"ホーディ・ジョーンズが魚人島事件の首謀者です。",2
ドレスローザでドフラミンゴが狙っていたものは何ですか？,SMILE工場,古代兵器,悪魔の実,ラフテル,1,"ドフラミンゴはSMILE工場を狙っていました。",3
ホールケーキアイランドでサンジが家族と訣別する際に言った言葉は何ですか？,"お世話になりました",“おれは死んでもお前たちの言いなりにはならねェ!!!”,“さようなら”,“ありがとう”,2,"サンジは家族と訣別する際に「おれは死んでもお前たちの言いなりにはならねェ!!!」と言いました。",3
ワノ国でルフィ達が戦った相手は誰ですか？,カイドウとビッグ・マム,カイドウと黒ひげ,カイドウとシャンクス,カイドウと五老星,1,"ワノ国でルフィ達はカイドウとビッグ・マムと戦いました。",3
ワノ国での戦いでゾロが鬼ヶ島でカイドウとビッグ・マムに放った技は何ですか？,阿修羅 抜剣 亡者戯,三千世界,鬼斬り,煩悩鳳,1,"ゾロは阿修羅 抜剣 亡者戯でカイドウとビッグ・マムに攻撃しました。",4
ワノ国での戦いでサンジがクイーンに放った技は何ですか？,悪魔風脚 地獄の思い出,悪魔風脚 画竜点睛,悪魔風脚 焼鉄星,悪魔風脚 大打撃,1,"サンジは悪魔風脚 地獄の思い出でクイーンに攻撃しました。",4
ワノ国での戦いでロビンがブラックマリアに放った技は何ですか？,千紫万紅・巨大樹,百花繚乱・大樹,万花繚乱・巨木,十花繚乱・小木,1,"ロビンは千紫万紅・巨大樹でブラックマリアに攻撃しました。",4
ワノ国での戦いでフランキーがササキに放った技は何ですか？,フランキー将軍,風来砲,フランキーラディカルビーム,スーパーフランク,1,"フランキーはフランキー将軍でササキに攻撃しました。",4
ワノ国での戦いでブルックがブラックマリアに放った技は何ですか？,鼻唄三丁・矢筈斬り,魂の叫び,ソウルソリッド,氷の世界,1,"ブルックは鼻唄三丁・矢筈斬りでブラックマリアに攻撃しました。",4
ワノ国での戦いでジンベエがフーズ・フーに放った技は何ですか？,魚人空手・瓦正拳,海流一本背負い,槍波,梅花皮,1,"ジンベエは魚人空手・瓦正拳でフーズ・フーに攻撃しました。",4
ルフィが最初に仲間になったのは誰ですか？,ゾロ,ナミ,ウソップ,サンジ,1,"ルフィの最初の仲間はゾロです。",1
ゾロが麦わらの一味に加入した時の職業は何でしたか？,海賊狩り,剣士,賞金稼ぎ,漁師,1,"ゾロは「海賊狩り」の賞金稼ぎでした。",1
ナミが麦わらの一味に加入した時の職業は何でしたか？,泥棒猫,航海士,測量士,天気予報士,1,"ナミは「泥棒猫」の異名を持つ泥棒でした。",1
ウソップが麦わらの一味に加入した時の職業は何でしたか？,狙撃手,嘘つき,発明家,船大工,1,"ウソップは「嘘つきウソップ」でした。",1
サンジが麦わらの一味に加入した時の職業は何でしたか？,海上レストランのコック,海賊,賞金稼ぎ,料理研究家,1,"サンジは海上レストラン「バラティエ」のコックでした。",1
チョッパーが麦わらの一味に加入した時の職業は何でしたか？,船医,医者,動物,トナカイ,1,"チョッパーはドラム王国の医者でした。",1
ロビンが麦わらの一味に加入した時の職業は何でしたか？,考古学者,殺し屋,バロックワークスの副社長,スパイ,1,"ロビンはバロックワークスの副社長でした。",1
フランキーが麦わらの一味に加入した時の職業は何でしたか？,船大工,解体屋,サイボーグ,賞金稼ぎ,1,"フランキーはウォーターセブンの解体屋でした。",1
ブルックが麦わらの一味に加入した時の職業は何でしたか？,音楽家,剣士,ガイコツ,幽霊,1,"ブルックは音楽家でした。",1
ジンベエが麦わらの一味に加入した時の職業は何でしたか？,魚人族の元七武海,タイヨウの海賊団船長,魚人空手師範,海の侠客,1,"ジンベエは元七武海でした。",1
麦わらの一味の誕生日はいつですか？,不明,ルフィの誕生日,船の進水日,仲間になった日,1,"麦わらの一味全体としての誕生日は設定されていません。",5
ルフィの誕生日はいつですか？,5月5日,3月2日,2月9日,4月8日,1,"ルフィの誕生日は5月5日です。",1
ゾロの誕生日はいつですか？,11月11日,3月2日,2月9日,4月8日,1,"ゾロの誕生日は11月11日です。",1
ナミの誕生日はいつですか？,7月3日,3月2日,2月9日,4月8日,1,"ナミの誕生日は7月3日です。",1
ウソップの誕生日はいつですか？,4月1日,3月2日,2月9日,4月8日,1,"ウソップの誕生日は4月1日です。",1
サンジの誕生日はいつですか？,3月2日,5月5日,2月9日,4月8日,1,"サンジの誕生日は3月2日です。",1
チョッパーの誕生日はいつですか？,12月24日,3月2日,2月9日,4月8日,1,"チョッパーの誕生日は12月24日です。",1
ロビンの誕生日はいつですか？,2月6日,3月2日,2月9日,4月8日,1,"ロビンの誕生日は2月6日です。",1
フランキーの誕生日はいつですか？,3月9日,3月2日,2月9日,4月8日,1,"フランキーの誕生日は3月9日です。",1
ブルックの誕生日はいつですか？,4月3日,3月2日,2月9日,4月8日,1,"ブルックの誕生日は4月3日です。",1
ジンベエの誕生日はいつですか？,4月2日,3月2日,2月9日,4月8日,1,"ジンベエの誕生日は4月2日です。",1
ルフィの年齢は何歳ですか？（2年後）,19歳,17歳,18歳,20歳,1,"ルフィは2年後19歳です。",2
ゾロの年齢は何歳ですか？（2年後）,21歳,19歳,20歳,22歳,1,"ゾロは2年後21歳です。",2
ナミの年齢は何歳ですか？（2年後）,20歳,18歳,19歳,21歳,1,"ナミは2年後20歳です。",2
ウソップの年齢は何歳ですか？（2年後）,19歳,17歳,18歳,20歳,1,"ウソップは2年後19歳です。",2
サンジの年齢は何歳ですか？（2年後）,21歳,19歳,20歳,22歳,1,"サンジは2年後21歳です。",2
チョッパーの年齢は何歳ですか？（2年後）,17歳,15歳,16歳,18歳,1,"チョッパーは2年後17歳です。",2
ロビンの年齢は何歳ですか？（2年後）,30歳,28歳,29歳,31歳,1,"ロビンは2年後30歳です。",2
フランキーの年齢は何歳ですか？（2年後）,36歳,34歳,35歳,37歳,1,"フランキーは2年後36歳です。",2
ブルックの年齢は何歳ですか？（2年後）,90歳,88歳,89歳,91歳,1,"ブルックは2年後90歳です。",2
ジンベエの年齢は何歳ですか？（2年後）,46歳,44歳,45歳,47歳,1,"ジンベエは2年後46歳です。",2
ルフィの出身地はどこですか？,フーシャ村,シェルズタウン,ローグタウン,バラティエ,1,"ルフィの出身地はフーシャ村です。",1
ゾロの出身地はどこですか？,シモツキ村,フーシャ村,ローグタウン,バラティエ,1,"ゾロの出身地はシモツキ村です。",1
ナミの出身地はどこですか？,ココヤシ村,フーシャ村,ローグタウン,バラティエ,1,"ナミの出身地はココヤシ村です。",1
ウソップの出身地はどこですか？,シロップ村,フーシャ村,ローグタウン,バラティエ,1,"ウソップの出身地はシロップ村です。",1
サンジの出身地はどこですか？,ノースブルー,イーストブルー,サウスブルー,ウェストブルー,1,"サンジはノースブルー出身です。",2
チョッパーの出身地はどこですか？,ドラム王国,フーシャ村,ローグタウン,バラティエ,1,"チョッパーの出身地はドラム王国です。",2
ロビンの出身地はどこですか？,オハラ,フーシャ村,ローグタウン,バラティエ,1,"ロビンの出身地はオハラです。",2
フランキーの出身地はどこですか？,ウォーターセブン,フーシャ村,ローグタウン,バラティエ,1,"フランキーはウォーターセブン出身です。",2
ブルックの出身地はどこですか？,西の海,東の海,北の海,南の海,1,"ブルックは西の海出身です。",2
ジンベエの出身地はどこですか？,魚人島,フーシャ村,ローグタウン,バラティエ,1,"ジンベエの出身地は魚人島です。",2
ルフィの夢「海賊王」を最初に聞いた人物は誰ですか？,シャンクス,ゾロ,ガープ,エース,1,"ルフィの夢を最初に聞いたのはシャンクスです。",2
ゾロが世界一の大剣豪を目指すきっかけとなったのは誰との約束ですか？,くいな,ミホーク,耕四郎,リューマ,1,"ゾロはくいなとの約束を果たすため、世界一の大剣豪を目指しています。",2
サンジがオールブルーを見つけることを夢見るきっかけとなったのは誰の言葉ですか？,ゼフ,ルフィ,オールブルーの伝説,家族の教え,1,"サンジはゼフの影響でオールブルーの夢を抱きました。",2
ナミが世界地図を描くことを目標とするきっかけとなったのは誰の助言ですか？,ベルメール,ノジコ,ゲンさん,Dr.ナミ,1,"ナミはベルメールの言葉がきっかけでした。",3
ウソップが勇敢な海の戦士を目指すきっかけとなったのは誰との約束ですか？,カヤ,ヤソップ,ルフィ,シロップ村の住民,1,"ウソップはカヤとの約束を果たすため、勇敢な海の戦士を目指しています。",2
チョッパーが「万能薬」になることを夢見るきっかけとなったのは誰の言葉ですか？,Dr.ヒルルク,Dr.くれは,ルフィ,ロビン,1,"チョッパーはDr.ヒルルクの遺志を継ぎ「万能薬」になることを目指しています。",2
ロビンが空白の100年を解き明かすことを目標とするきっかけとなったのは誰の遺志ですか？,オハラの学者たち,母親,サウロ,Dr.ベガパンク,1,"ロビンはオハラの学者たちの遺志を継ぎ、歴史を解き明かすことを目指しています。",2
フランキーが「夢の船」を建造することを目標とするきっかけとなったのは誰との約束ですか？,トムさん,アイスバーグ,ルフィ,自身,1,"フランキーはトムさんとの約束を果たすため「夢の船」を建造しました。",2
ブルックがラブーンとの再会を夢見るきっかけとなったのは誰の言葉ですか？,ルフィ,ルンバー海賊団,ヨミヨミの実,クロッカス,1,"ブルックはルンバー海賊団との約束とラブーンとの再会を夢見ています。",2
ジンベエが魚人族の自由を求めるきっかけとなったのは誰との出会いですか？,フィッシャー・タイガー,オトヒメ,アーロン,ルフィ,1,"ジンベエはフィッシャー・タイガーとの出会いをきっかけに魚人族の自由を求めました。",3
ルフィが最初に懸賞金をかけられた理由は？,アーロンを倒したから,海賊王を名乗ったから,海軍を襲撃したから,悪魔の実の能力者だから,1,"ルフィが最初に懸賞金をかけられたのはアーロンを倒したからです。",2
ゾロが初めて懸賞金をかけられた理由は？,バロックワークスを倒したから,海賊狩りとして有名になったから,ルフィの仲間になったから,海軍を襲撃したから,1,"ゾロが最初に懸賞金をかけられたのはバロックワークスを倒したからです。",2
ナミが初めて懸賞金をかけられた理由は？,CP9と戦ったから,エニエス・ロビー事件に関わったから,ルフィの仲間になったから,泥棒だったから,1,"ナミが最初に懸賞金をかけられたのはエニエス・ロビー事件に関わったからです。",3
ウソップが初めて懸賞金をかけられた理由は？,エニエス・ロビー事件に関わったから,狙撃の腕前が知られたから,ルフィの仲間になったから,嘘つきだから,1,"ウソップが最初に懸賞金をかけられたのはエニエス・ロビー事件に関わったからです。",3
サンジが初めて懸賞金をかけられた理由は？,エニエス・ロビー事件に関わったから,海上レストランのコックだったから,ルフィの仲間になったから,料理の腕前が知られたから,1,"サンジが最初に懸賞金をかけられたのはエニエス・ロビー事件に関わったからです。",3
チョッパーが初めて懸賞金をかけられた理由は？,エニエス・ロビー事件に関わったから,人獣型に変身したから,ルフィの仲間になったから,船医だから,1,"チョッパーが最初に懸賞金をかけられたのはエニエス・ロビー事件に関わったからです。",3
ロビンが初めて懸賞金をかけられた理由は？,オハラの生き残りだから,ポーネグリフを読めるから,ルフィの仲間になったから,世界政府に反抗したから,1,"ロビンが最初に懸賞金をかけられたのはオハラの生き残りだからです。",3
フランキーが初めて懸賞金をかけられた理由は？,エニエス・ロビー事件に関わったから,サウザンドサニー号を建造したから,ルフィの仲間になったから,サイボーグだから,1,"フランキーが最初に懸賞金をかけられたのはエニエス・ロビー事件に関わったからです。",3
ブルックが初めて懸賞金をかけられた理由は？,スリラーバーク事件に関わったから,ヨミヨミの実の能力者だから,ルフィの仲間になったから,音楽家だから,1,"ブルックが最初に懸賞金をかけられたのはスリラーバーク事件に関わったからです。",3
ジンベエが初めて懸賞金をかけられた理由は？,七武海になる前,魚人族の英雄だから,タイヨウの海賊団船長だから,世界政府に反抗したから,1,"ジンベエはタイヨウの海賊団の船長として懸賞金をかけられました。",3
世界政府の頂点に君臨する五老星の人数は何人ですか？,5人,3人,7人,10人,1,"五老星は5人です。",3
空白の100年について研究していたオハラの学者たちのリーダーは誰ですか？,Dr.クローバー,ニコ・オルビア,ニコ・ロビン,Dr.ベガパンク,1,"Dr.クローバーがオハラの学者たちのリーダーでした。",4
古代兵器「プルトン」の設計図を保管していたのは誰ですか？,フランキー,トムさん,アイスバーグ,コーザ,1,"プルトンの設計図はフランキーが持っていました。",4
古代兵器「ポセイドン」の能力を持つ人魚姫の名前は何ですか？,しらほし,オトヒメ,ヴィヴィ,レベッカ,1,"ポセイドンはしらほし姫です。",3
世界政府の最高位である「聖」の称号を持つ人物「イム様」は何を支配していますか？,虚の玉座,世界会議,海軍本部,五老星,1,"イム様は虚の玉座を支配しています。",5
ジェルマ66の「科学戦闘部隊」のメンバーは誰ですか？,ヴィンスモーク家,サンジ,レイジュ,ヨンジ,1,"ジェルマ66の科学戦闘部隊はヴィンスモーク家です。",3
ワノ国でルフィ達が潜入した場所はどこですか？,鬼ヶ島,花の都,えびす町,おこぼれ町,1,"ルフィ達は鬼ヶ島に潜入しました。",3
ワノ国での戦いでゾロがカイドウに受けた傷の治癒を助けたのは誰ですか？,トコ,しのぶ,ひより,チョッパー,1,"ワノ国でゾロの傷を癒したのはトコです。",4
ワノ国での戦いでサンジが目覚めた能力は何ですか？,レイドスーツの能力,ジェルマの血統因子,月歩,見聞色の覇気,1,"サンジはジェルマの血統因子が目覚めました。",4
ワノ国での戦いでナミが手に入れた新しい武器は何ですか？,ゼウス,クリマ・タクト,天候棒,雷雲,1,"ナミはゼウスを手に入れました。",4
ワノ国での戦いでウソップが使用した必殺技は何ですか？,緑星 衝撃,火の鳥星,必殺火の鳥星,インパクト,1,"ウソップは緑星 衝撃を使用しました。",4
ワノ国での戦いでチョッパーが使用した技は何ですか？,柔力強化,暴走,ランブルボール,人獣型,1,"チョッパーは柔力強化を使用しました。",4
ワノ国での戦いでロビンが使用した技は何ですか？,巨人咲き,千紫万紅・巨大樹,百花繚乱・大樹,万花繚乱・巨木,1,"ロビンは巨人咲きを使用しました。",4
ワノ国での戦いでフランキーが使用した技は何ですか？,フランキー将軍,風来砲,フランキーラディカルビーム,スーパーフランク,1,"フランキーはフランキー将軍を使用しました。",4
ワノ国での戦いでブルックが使用した技は何ですか？,鼻唄三丁・矢筈斬り,魂の叫び,ソウルソリッド,氷の世界,1,"ブルックは鼻唄三丁・矢筈斬りを使用しました。",4
ワノ国での戦いでジンベエが使用した技は何ですか？,魚人空手・瓦正拳,海流一本背負い,槍波,梅花皮,1,"ジンベエは魚人空手・瓦正拳を使用しました。",4
ルフィが最初に出会った海軍将校は誰ですか？,コビー,ヘルメッポ,モーガン,スモーカー,1,"ルフィが最初に出会った海軍将校はコビーです。",2
ゾロが最初に戦った敵の名前は何ですか？,ヘルメッポ,モーガン,バギー,クロコダイル,1,"ゾロが最初に戦った敵はモーガンです。",2
ナミが最初に戦った敵の名前は何ですか？,バギー,アーロン,クロコダイル,エネル,1,"ナミが最初に戦った敵はバギーです。",2
ウソップが最初に戦った敵の名前は何ですか？,キャプテン・クロ,バギー,アーロン,クロコダイル,1,"ウソップが最初に戦った敵はキャプテン・クロです。",2
サンジが最初に戦った敵の名前は何ですか？,ドン・クリーク,バギー,アーロン,クロコダイル,1,"サンジが最初に戦った敵はドン・クリークです。",2
チョッパーが最初に戦った敵の名前は何ですか？,ワポル,クロコダイル,エネル,アーロン,1,"チョッパーが最初に戦った敵はワポルです。",2
ロビンが最初に戦った敵の名前は何ですか？,クロコダイル,エネル,ドフラミンゴ,カイドウ,1,"ロビンは元々クロコダイルの部下でした。",2
フランキーが最初に戦った敵の名前は何ですか？,CP9,アイスバーグ,ルフィ,トム,1,"フランキーはCP9と戦いました。",2
ブルックが最初に戦った敵の名前は何ですか？,ゲッコー・モリア,オーズ,リューマ,アブサロム,1,"ブルックはゲッコー・モリアと戦いました。",2
ジンベエが最初に戦った敵の名前は何ですか？,アーロン,ホーディ・ジョーンズ,世界政府,海軍,1,"ジンベエはホーディ・ジョーンズと戦いました。",2
ルフィの最初の仲間であるゾロが目指すものは何ですか？,世界一の大剣豪,海賊王,オールブルー,勇敢な海の戦士,1,"ゾロは世界一の大剣豪を目指しています。",1
サンジが夢見るオールブルーとはどのような場所ですか？,世界中の海の魚が全ている場所,海賊の楽園,宝が眠る場所,自由な場所,1,"オールブルーは世界中の海の魚が全ている伝説の海です。",2
ナミが夢見る世界地図とはどのような地図ですか？,世界中の海の地図,宝の地図,航海の地図,自由の地図,1,"ナミは世界中の海の地図を描くことを夢見ています。",2
ウソップが夢見る勇敢な海の戦士とはどのような戦士ですか？,どんな困難にも立ち向かう戦士,強い戦士,臆病ではない戦士,伝説の戦士,1,"ウソップはどんな困難にも立ち向かう勇敢な海の戦士を目指しています。",2
チョッパーが夢見る万能薬とはどのような薬ですか？,どんな病気も治せる薬,不死の薬,悪魔の実を治す薬,傷を癒す薬,1,"チョッパーはどんな病気も治せる「万能薬」になることを夢見ています。",2
ロビンが夢見る空白の100年を解き明かすこととはどのようなことですか？,失われた歴史を明らかにする,古代兵器の謎を解く,世界の真実を知る,ワンピースの正体を知る,1,"ロビンは失われた歴史を明らかにすることを目指しています。",2
フランキーが夢見る「夢の船」とはどのような船ですか？,世界を一周できる船,サウザンドサニー号,ロジャーの船,世界最強の船,1,"フランキーは世界を一周できる「夢の船」を建造しました。",2
ブルックが夢見るラブーンとの再会とはどのようなことですか？,生きて再会すること,魂で再会すること,音楽を通じて再会すること,自由になった姿で再会すること,1,"ブルックは生きてラブーンと再会することを夢見ています。",2
ジンベエが夢見る魚人族の自由とはどのようなことですか？,魚人族が差別されない世界,魚人島が平和になること,魚人族が海を支配すること,魚人族が地上で暮らすこと,1,"ジンベエは魚人族が差別されない自由な世界を夢見ています。",2
ルフィの最初の懸賞金は3000万ベリーですが、これは誰を倒したことによるものでしたか？,アーロン,バギー,クロコダイル,モーガン,1,"ルフィの最初の懸賞金はアーロンを倒したことによるものです。",2
ゾロが鷹の目のミホークに初めて出会った場所はどこですか？,海上レストランバラティエ,フーシャ村,シェルズタウン,ローグタウン,1,"ゾロは海上レストランバラティエでミホークに出会いました。",2
ナミがアーロンパークでアーロンに奪われたものは何ですか？,村のお金,地図,自由,仲間,1,"ナミはアーロンに村のお金を奪われ続けていました。",2
ウソップがシロップ村で嘘をつき続けていた理由は？,村人を楽しませるため,海賊を追い払うため,注目されたいから,自分を守るため,1,"ウソップは村人を楽しませるため嘘をついていました。",2
サンジが海上レストランバラティエを離れる際に、ゼフに何を言われましたか？,"風邪をひくなよ",“死ぬなよ”,“夢を叶えろ”,“行ってらっしゃい”,1,"ゼフはサンジに「風邪をひくなよ」と言いました。",2
チョッパーがDr.ヒルルクの遺志を継ぐことを決意したのは、どの言葉を聞いてからですか？,"人はいつ死ぬと思う？",“この世に治せない病気はない”,“おれには夢がある”,“仲間を大切にしろ”,1,"Dr.ヒルルクの「人はいつ死ぬと思う？」という言葉がきっかけです。",2
ロビンがエニエス・ロビーで「生きたい！」と叫んだ相手は誰ですか？,ルフィ,CP9,フランキー,スパンダム,1,"ロビンはルフィに向かって「生きたい！」と叫びました。",2
フランキーがサウザンドサニー号を建造する際に、協力してくれたのは誰ですか？,アイスバーグ,ルフィ,ウソップ,ナミ,1,"フランキーはアイスバーグの協力のもとサウザンドサニー号を建造しました。",2
ブルックがラブーンとの再会を誓ったのは、誰の歌を聞いてからですか？,ルンバー海賊団の歌,ルフィの歌,ヨーホホホの歌,魂の歌,1,"ブルックはルンバー海賊団の歌をラブーンに届けました。",2
ジンベエが魚人島で「魚人族の侠客」として尊敬されている理由は？,魚人族の自由を求めているから,魚人空手の達人だから,魚人族の王だから,七武海だから,1,"ジンベエは魚人族の自由を求め、魚人族の侠客として尊敬されています。",2
ルフィが最初に使った「ギア」の技は何ですか？,ギア2,ギア3,ギア4,ギア5,1,"ルフィが最初に使ったギアはギア2です。",2
ゾロが初めて三刀流の技「鬼斬り」を使った相手は誰ですか？,バギー,モルガン,カク,Mr.1,1,"ゾロはバギー相手に鬼斬りを使いました。",2
サンジが初めて「悪魔風脚」を使った相手は誰ですか？,ジャブラ,カリファ,CP9,Mr.2,1,"サンジはジャブラ相手に悪魔風脚を使いました。",3